/*
MySQL Data Transfer
Source Host: localhost
Source Database: ppcsa
Target Host: localhost
Target Database: ppcsa
Date: 30-Sep-21 5:55:45 PM
*/

create database ppcsa;

use ppcsa;


SET FOREIGN_KEY_CHECKS=0;
-- ----------------------------
-- Table structure for attacker
-- ----------------------------
DROP TABLE IF EXISTS `attacker`;
CREATE TABLE `attacker` (
  `id` int(11) NOT NULL auto_increment,
  `user` text,
  `fname` text,
  `sk` text,
  `dt` text,
  `attacktype` text,
  PRIMARY KEY  (`id`)
) ENGINE=InnoDB DEFAULT CHARSET=utf8;

-- ----------------------------
-- Table structure for backupcloudserver
-- ----------------------------
DROP TABLE IF EXISTS `backupcloudserver`;
CREATE TABLE `backupcloudserver` (
  `id` int(11) NOT NULL auto_increment,
  `fname` text,
  `ownername` text,
  `cname` text,
  `ct1` text,
  `mac1` text,
  `ct2` text,
  `mac2` text,
  `ct3` text,
  `mac3` text,
  `ct4` text,
  `mac4` text,
  `sk` text,
  `dt` text,
  `fsize` text,
  PRIMARY KEY  (`id`)
) ENGINE=InnoDB DEFAULT CHARSET=latin1;

-- ----------------------------
-- Table structure for cloud
-- ----------------------------
DROP TABLE IF EXISTS `cloud`;
CREATE TABLE `cloud` (
  `name` text,
  `pass` text
) ENGINE=InnoDB DEFAULT CHARSET=utf8;

-- ----------------------------
-- Table structure for cloudserver
-- ----------------------------
DROP TABLE IF EXISTS `cloudserver`;
CREATE TABLE `cloudserver` (
  `id` int(11) NOT NULL auto_increment,
  `fname` text,
  `ownername` text,
  `cname` text,
  `ct1` text,
  `mac1` text,
  `ct2` text,
  `mac2` text,
  `ct3` text,
  `mac3` text,
  `ct4` text,
  `mac4` text,
  `sk` text,
  `dt` text,
  `fsize` text,
  `status` text,
  `rank` int(11) default '0',
  PRIMARY KEY  (`id`)
) ENGINE=InnoDB DEFAULT CHARSET=latin1;

-- ----------------------------
-- Table structure for cpu_speed
-- ----------------------------
DROP TABLE IF EXISTS `cpu_speed`;
CREATE TABLE `cpu_speed` (
  `id` int(11) NOT NULL auto_increment,
  `owner` text,
  `fname` text,
  `dt` text,
  `task` text,
  `cpuspeed` text,
  PRIMARY KEY  (`id`)
) ENGINE=InnoDB DEFAULT CHARSET=utf8;

-- ----------------------------
-- Table structure for downer
-- ----------------------------
DROP TABLE IF EXISTS `downer`;
CREATE TABLE `downer` (
  `id` int(11) NOT NULL auto_increment,
  `name` text,
  `pass` text,
  `email` text,
  `mobile` text,
  `addr` text,
  `dob` text,
  `gender` text,
  `pin` text,
  `location` text,
  `imagess` longblob,
  `status` text,
  PRIMARY KEY  (`id`)
) ENGINE=InnoDB DEFAULT CHARSET=utf8;

-- ----------------------------
-- Table structure for kgc
-- ----------------------------
DROP TABLE IF EXISTS `kgc`;
CREATE TABLE `kgc` (
  `name` text,
  `pass` text
) ENGINE=InnoDB DEFAULT CHARSET=utf8;

-- ----------------------------
-- Table structure for request
-- ----------------------------
DROP TABLE IF EXISTS `request`;
CREATE TABLE `request` (
  `id` int(11) NOT NULL auto_increment,
  `user` text,
  `owner` text,
  `fname` text,
  `download_per` text,
  PRIMARY KEY  (`id`)
) ENGINE=InnoDB DEFAULT CHARSET=utf8;

-- ----------------------------
-- Table structure for results
-- ----------------------------
DROP TABLE IF EXISTS `results`;
CREATE TABLE `results` (
  `fname` text,
  `tdelay` text,
  `tpt` text
) ENGINE=InnoDB DEFAULT CHARSET=utf8;

-- ----------------------------
-- Table structure for search
-- ----------------------------
DROP TABLE IF EXISTS `search`;
CREATE TABLE `search` (
  `id` int(11) NOT NULL auto_increment,
  `user` text,
  `keyword` text,
  `dt` text,
  PRIMARY KEY  (`id`)
) ENGINE=InnoDB DEFAULT CHARSET=utf8;

-- ----------------------------
-- Table structure for slarequest
-- ----------------------------
DROP TABLE IF EXISTS `slarequest`;
CREATE TABLE `slarequest` (
  `id` int(11) NOT NULL auto_increment,
  `cloud` text,
  `downer` text,
  `status` text,
  `memory` text,
  `slafrom` text,
  `slato` text,
  PRIMARY KEY  (`id`)
) ENGINE=InnoDB DEFAULT CHARSET=utf8;

-- ----------------------------
-- Table structure for tpa
-- ----------------------------
DROP TABLE IF EXISTS `tpa`;
CREATE TABLE `tpa` (
  `name` text,
  `pass` text
) ENGINE=InnoDB DEFAULT CHARSET=utf8;

-- ----------------------------
-- Table structure for tpadata
-- ----------------------------
DROP TABLE IF EXISTS `tpadata`;
CREATE TABLE `tpadata` (
  `id` int(11) NOT NULL auto_increment,
  `fname` text,
  `ownername` text,
  `cname` text,
  `mac1` text,
  `mac2` text,
  `mac3` text,
  `mac4` text,
  `sk` text,
  `dt` text,
  `fsize` text,
  PRIMARY KEY  (`id`)
) ENGINE=InnoDB DEFAULT CHARSET=latin1;

-- ----------------------------
-- Table structure for transaction
-- ----------------------------
DROP TABLE IF EXISTS `transaction`;
CREATE TABLE `transaction` (
  `id` int(11) NOT NULL auto_increment,
  `user` text,
  `fname` text,
  `task` text,
  `dt` text,
  `fsize` text,
  PRIMARY KEY  (`id`)
) ENGINE=InnoDB DEFAULT CHARSET=latin1;

-- ----------------------------
-- Table structure for user
-- ----------------------------
DROP TABLE IF EXISTS `user`;
CREATE TABLE `user` (
  `id` int(11) NOT NULL auto_increment,
  `name` text,
  `pass` text,
  `email` text,
  `mobile` text,
  `addr` text,
  `dob` text,
  `gender` text,
  `pin` text,
  `location` text,
  `imagess` longblob,
  `status` text,
  `search_per` text,
  PRIMARY KEY  (`id`)
) ENGINE=InnoDB DEFAULT CHARSET=utf8;

-- ----------------------------
-- Records 
-- ----------------------------
INSERT INTO `attacker` VALUES ('1', 'Hacker', 'DataOwner.java', '[B@4b12d9', '07/09/2021   12:07:39', 'External');
INSERT INTO `attacker` VALUES ('2', 'Hacker11', 'Cloud.txt', '[B@37b90c', '30/09/2021   17:54:09', 'External');
INSERT INTO `backupcloudserver` VALUES ('1', 'CloudServer.java', 'Kaviraj', 'cloud', 'aW1wb3J0IGphdmEuYXd0Lio7DQppbXBvcnQgamF2YS5hd3QuZXZlbnQuQWN0aW9uRXZlbnQ7DQppbXBvcnQgamF2YS5hd3QuZXZlbnQuQWN0aW9uTGlzdGVuZXI7DQppbXBvcnQgamF2YS5pby5CdWZmZXJlZElucHV0U3RyZWFtOw0KaW1wb3J0IGphdmEuaW8uQnVmZmVyZWRPdXRwdXRTdHJlYW07DQppbXBvcnQgamF2YS5pby5CdWZmZXJlZFJlYWRlcjsNCmltcG9ydCBqYXZhLmlvLkRhdGFJbnB1dFN0cmVhbTsNCmltcG9ydCBqYXZhLmlvLkRhdGFPdXRwdXRTdHJlYW07DQppbXBvcnQgamF2YS5pby5GaWxlOw0KaW1wb3J0IGphdmEuaW8uRmlsZUlucHV0U3RyZWFtOw0KaW1wb3J0IGphdmEuaW8uRmlsZU91dHB1dFN0cmVhbTsNCmltcG9ydCBqYXZhLmlvLk9iamVjdElucHV0U3RyZWFtOw0KaW1wb3J0IGphdmEuaW8uT2JqZWN0T3V0cHV0U3RyZWFtOw0KaW1wb3J0IGphdmEuaW8uUHJpbnRTdHJlYW07DQppbXBvcnQgamF2YS5tYXRoLkJpZ0ludGVnZXI7DQppbXBvcnQgamF2YS5uZXQuU2VydmVyU29ja2V0Ow0KaW1wb3J0IGphdmEubmV0LlNvY2tldDsNCmltcG9ydCBqYXZhLnNlY3VyaXR5LkRpZ2VzdElucHV0U3RyZWFtOw0KaW1wb3J0IGphdmEuc2VjdXJpdHkuTWVzc2FnZURpZ2VzdDsNCmltcG9ydCBqYXZhLnNxbC5Db25uZWN0aW9uOw0KaW1wb3J0IGphdmEuc3FsLkRyaXZlck1hbmFnZXI7DQppbXBvcnQgamF2YS5zcWwuUmVzdWx0U2V0Ow0KaW1wb3J0IGphdmEuc3FsLlJlc3VsdFNldE1ldGFEYXRhOw0KaW1wb3J0IGphdmEuc3FsLlN0YXRlbWVudDsNCmltcG9ydCBqYXZhLnRleHQuU2ltcGxlRGF0ZUZvcm1hdDsNCmltcG9ydCBqYXZhLnV0aWwuRGF0ZTsNCmltcG9ydCBqYXZhLnV0aWwuVmVjdG9yOw0KDQppbXBvcnQgamF2YXguc3dpbmcuKjsNCg0KDQpwdWJsaWMgY2xhc3MgQ2xvdWRzZXJ2ZXIxIGV4dGVuZHMgSkZyYW1lIGltcGxlbWVudHMgQWN0aW9uTGlzdGVuZXINCnsNCg0KCUpQYW5lbCBwMTsNCglKTGFiZWwgY3MxOw0KCUltYWdlSWNvbiBjMTsNCgkNCglKQnV0dG9uIGIxLGIyLGIzOw0KCQ0KCU1lbnVCYXIgbWJyOw0KCU1lbnUgZmlsZTsNCglNZW51SXRlbSAgaXRlbTEsYXNzaWduLGl0ZW0yOw0KCQ0KCUpUYWJsZSB0YWJsZTsNCglpbnQgdixoOw0KCVN0cmluZyBzLGQsY2FsbDsNCglKU2Nyb2xsUGFuZSBwYW5lOw0KCQ0KCVZlY3RvciBoZWFkaW5nLGRhdGE7DQoJDQoJSkxhYmVsIHRpdGxlOw0KCUltYWdlSWNvbiBjMTE7DQoJDQoJQ29udGFpbmVyIGM7DQoJSkZyYW1lIGpmOw0KCQ0KCUNsb3Vkc2VydmVyMSgpDQoJew0KCQlqZiA9IG5ldyBKRnJhbWUoIkNsb3VkIFNlcnZlciAxIDo6QSBOb3ZlbCBTY2hlZHVsaW5nIE1lY2hhbmlzbSBGb3IgSHlicmlkIENsb3VkIFN5c3RlbXMiKTsNCgkJYyA9IGpmLmdldENvbnRlbnRQYW5lKCk7DQoJCWMuc2V0TGF5b3V0KG51bGwpOw0KCQljLnNldEJhY2tncm91bmQobmV3IENvbG9yKDQxLDE3MCwxMDApKTsNCgkJDQoJCW1iciA9IG5ldyBNZW51QmFyKCk7DQoJCWZpbGUgPSBuZXcgTWVudSgiVklFVyIpOw0KCQkNCgkJaXRlbTEgPSBuZXcgTWVudUl0ZW0oIlZpZXcgVHJhbnNhY3Rpb24iKTsNCgkJYXNzaWduPSBuZXcgTWVudUl0ZW0oIlZpcnR1YWwgTWVtb3J5Iik7DQoJCWl0ZW0yID0gbmV3IE1lbnVJdGVtKCJEYXRhIE93bmVyIERldGFpbHMiKTsNCgkJDQoJCWl0ZW0xLmFkZEFjdGlvbkxpc3RlbmVyKHRoaXMpOw0KCQlhc3NpZ24uYWRkQWN0aW9uTGlzdGVuZXIodGhpcyk7DQoJCWl0ZW0yLmFkZEFjdGlvbkxpc3RlbmVyKHRoaXMpOw0KCQkNCgkJZmlsZS5hZGQoaXRlbTEpOw0KLy8JCWZpbGUuYWRkKGFzc2lnbik7DQovLwkJZmlsZS5hZGQoaXRlbTIpOw0KCQkNCgkJbWJyLmFkZChmaWxlKTsNCgkJamYuc2V0TWVudUJhcihtYnIpOw0KDQoJCQ0KCQliMT1uZXcgSkJ1dHRvbigiVmlldyBGaWxlcyIpOw0KCQliMS5zZXRCb3VuZHMoNjAsMzAwLDE1MCwzMCk7DQoJCWIxLmFkZEFjdGlvbkxpc3RlbmVyKHRoaXMpOw0KCQliMj1uZXcgSkJ1dHRvbigiVmlldyBBdHRhY2tlcnMiKTsNCgkJYjIuc2V0Qm91bmRzKDI0MCwzMDAsMTUwLDMwKTsNCgkJYjIuYWRkQWN0aW9uTGlzdGVuZXIodGhpcyk7DQoJCWIzPW5ldyBKQnV0dG9uKCJWaWV3IFBhcnRpdGlvbiIpOw0KCQliMy5zZXRCb3VuZHMoNDEwLDMwMCwxNTAsMzApOw0KCQliMy5hZGRBY3Rpb25MaXN0ZW5lcih0aGlzKTsNCgkJYy5hZGQoYjEpOw0KCQljLmFkZChiMik7DQoJCWMuYWRkKGIzKTsNCg0KCQkgICAgICAgICANCgkJDQoJCS8vcDEuYWRkKGNzMSk7DQovLwkJcDEuYWRkKHRpdGxlKTsNCgkJIGMuYWRkKGIxKTsNCgkJIA0KCQkgamYuc2V0Qm91bmRzKDAsIDAsIDY4MAksNDAwKTsNCgkJCWpmLnNob3coKTsNCgkJLy9hZGQocDEpOw0KCQkvL3NldFNpemUoNjgwLDQwMCk7DQoJCS8vc2V0VmlzaWJsZSh0cnVlKTsNCgkJDQoJCWludFtdIHBvcnRzID0gbmV3IGludFtdDQoJCQkgICAgICAgICAgICAgIAkJeyAxMTExLDQ2NDYsOTk4OCwxNDQ0fTsNCg0KCQkJICAgICAgICAgICAgICAJCWZvciAoaW50IGkgPSAwOyBpIDwgNDsgaSsrKQ0KCQkJICAgICAgICAgICAgICAJCXsNCgkJCSAgICAgICAgICAgICAgCQkJVGhyZWFkIHQgPSBuZXcgVGhyZWFkKG5ldyBQb3J0TGlzdGVuZXIocG9ydHNbaV0pKTsNCgkJCSAgICAgICAgICAgICAgCQkJdC5zZXROYW1lKCJMaXN0ZW5lci0iICsgcG9ydHNbaV0pOw0KCQkJICAgICAgICAgICAgICAJCQl0LnN0YXJ0KCk7DQoNCgkJCSAgICAgICAgICAgICAgCQl9DQoJfQ0KCQ0KCXB1YmxpYyB2b2lkIGFjdGlvblBlcmZvcm1lZChBY3Rpb25FdmVudCBhMSkNCgl7DQoJCWlmKGExLmdldFNvdXJjZSgpPT1iMSkNCgkJew0KCQkJdHJ5DQoJCQl7DQoJCQlEYmNvbiBkYj1uZXcgRGJjb24oKTsNCgkJCUNvbm5lY3Rpb24gY29ubmVjdD1kYi5nZXRDb25uZWN0aW9uKCk7DQogICAgICAgICAgICBTdGF0ZW1lbnQgc3RtdCA9IGNvbm5lY3QuY3JlYXRlU3RhdGVtZW50KCk7DQogICAgICAgICAgICANCiAgICAgICAgICAgIGhlYWRpbmcgPSBuZXcgVmVjdG9yKCk7DQogICAJCSANCiAgIAkJIGhlYWRpbmcuYWRkRWxlbWVudCgiT3duZXIgTmFtZSIpOw0KICAgCQkgaGVhZGluZy5hZGRFbGVtZW50KCJGaWxlIE5hbWUiKTsNCiAgIAkJIGhlYWRpbmcuYWRkRWxlbWVudCgiU2VjcmV0IEtleSIpOw0KICAgCQloZWFkaW5nLmFkZEVsZW1lbnQoIkRhdGUiKTsNCiAgICAgICAgICAgIGRhdGE9bmV3IFZlY3RvcigpOw0KCSAgICAgCSAgDQogICAgICAgICAgICBTdHJpbmcgcXVlcnkgPSAiU0VMRUNUICogRlJPTSBDbG91ZFNlcnZlcjEiOw0KICAgICAgICAgICAgUmVzdWx0U2V0IHJzID0gc3RtdC5leGVjdXRlUXVlcnkocXVlcnkpOw0KICAgICAgICAgICAgUmVzdWx0U2V0TWV0YURhdGEgcnNtPXJzLmdldE1ldGFEYXRhKCk7DQogICAgICAgICAgICBpbnQgY29sPXJzbS5nZXRDb2x1bW5Db3Vu', '-2214a9b093f16120cc03a42652fdd8f73ef36e6b', 'KCk7DQoNCiAgICAgICAgICAgIHdoaWxlKHJzLm5leHQoKSkNCiAgICAgICAgICAgIHsNCiAgICAgICAgCSAgIFZlY3RvciByb3cgPSBuZXcgVmVjdG9yKCk7DQogICAgICAgIAkgICBmb3IoaW50IGkgPSAxOyBpIDw9Y29sOyBpKyspDQogICAgICAgIAkgICB7DQogICAgICAgICAgICAgICByb3cuYWRkRWxlbWVudChycy5nZXRPYmplY3QoaSkpOw0KDQogICAgICAgIAkgICB9DQoNCiAgICAgICAgCSAgIGRhdGEuYWRkRWxlbWVudChyb3cpOw0KICAgICAgICAgICAgfQ0KCQkgIA0KICAgICAgICAgICB0YWJsZSA9IG5ldyBKVGFibGUoZGF0YSxoZWFkaW5nKTsNCgkJICANCiAgICAgICAgICAgcGFuZSA9IG5ldyBKU2Nyb2xsUGFuZSh0YWJsZSk7DQoJCSANCiAgICAgICAgICAgcGFuZS5zZXRCb3VuZHMoMzAsNTAsNjAwLDIwMCk7DQogICAgICAgICAgIGMuYWRkKHBhbmUpOw0KCQkgDQoJCQl9IGNhdGNoKEV4Y2VwdGlvbiBleCkge2V4LnByaW50U3RhY2tUcmFjZSgpO30NCgkJfQ0KCQkNCgkJaWYoYTEuZ2V0U291cmNlKCk9PWIyKQ0KCQl7DQoJCQl0cnkNCgkJCXsNCgkJCURiY29uIGRiPW5ldyBEYmNvbigpOw0KCQkJQ29ubmVjdGlvbiBjb25uZWN0PWRiLmdldENvbm5lY3Rpb24oKTsNCiAgICAgICAgICAgIFN0YXRlbWVudCBzdG10ID0gY29ubmVjdC5jcmVhdGVTdGF0ZW1lbnQoKTsNCiAgICAgICAgICAgIA0KICAgICAgICAgICAgaGVhZGluZyA9IG5ldyBWZWN0b3IoKTsNCiAgIAkJIA0KICAgCQkgaGVhZGluZy5hZGRFbGVtZW50KCJVc2VyIE5hbWUiKTsNCiAgIAkJIGhlYWRpbmcuYWRkRWxlbWVudCgiRmlsZSBOYW1lIik7DQogICAJCSBoZWFkaW5nLmFkZEVsZW1lbnQoIlNlY3JldCBLZXkiKTsNCiAgIAkJaGVhZGluZy5hZGRFbGVtZW50KCJEYXRlIik7DQogICAgICAgICAgICBkYXRhPW5ldyBWZWN0b3IoKTsNCgkgICAgIAkgIA0KICAgICAgICAgICAgU3RyaW5nIHF1ZXJ5ID0gIlNFTEVDVCAqIEZST00gQXR0YWNrZXIiOw0KICAgICAgICAgICAgUmVzdWx0U2V0IHJzID0gc3RtdC5leGVjdXRlUXVlcnkocXVlcnkpOw0KICAgICAgICAgICAgUmVzdWx0U2V0TWV0YURhdGEgcnNtPXJzLmdldE1ldGFEYXRhKCk7DQogICAgICAgICAgICBpbnQgY29sPXJzbS5nZXRDb2x1bW5Db3VudCgpOw0KDQogICAgICAgICAgICB3aGlsZShycy5uZXh0KCkpDQogICAgICAgICAgICB7DQogICAgICAgIAkgICBWZWN0b3Igcm93ID0gbmV3IFZlY3RvcigpOw0KICAgICAgICAJICAgZm9yKGludCBpID0gMTsgaSA8PWNvbDsgaSsrKQ0KICAgICAgICAJICAgew0KICAgICAgICAgICAgICAgcm93LmFkZEVsZW1lbnQocnMuZ2V0T2JqZWN0KGkpKTsNCg0KICAgICAgICAJICAgfQ0KDQogICAgICAgIAkgICBkYXRhLmFkZEVsZW1lbnQocm93KTsNCiAgICAgICAgICAgIH0NCgkJICANCiAgICAgICAgICAgdGFibGUgPSBuZXcgSlRhYmxlKGRhdGEsaGVhZGluZyk7DQoJCSAgDQogICAgICAgICAgIHBhbmUgPSBuZXcgSlNjcm9sbFBhbmUodGFibGUpOw0KCQkgDQogICAgICAgICAgIHBhbmUuc2V0Qm91bmRzKDMwLDUwLDYwMCwyMDApOw0KICAgICAgICAgICBjLmFkZChwYW5lKTsNCgkJIA0KCQkJfSBjYXRjaChFeGNlcHRpb24gZXgpIHtleC5wcmludFN0YWNrVHJhY2UoKTt9DQoJCX0NCgkJaWYoYTEuZ2V0U291cmNlKCk9PWIzKQ0KCQl7DQoJCQl0cnkNCgkJCXsNCgkJCQkgU3RyaW5nIGlwID0gSk9wdGlvblBhbmUuc2hvd0lucHV0RGlhbG9nKG51bGwsICJFbnRlciBUaGUgSVAgQWRkcmVzcyBvZiBMb2FkIEJhbGFuY2VyIik7DQoJCQkJCQ0KCQkJCVNvY2tldCBzdG09bmV3IFNvY2tldChpcCwzNTU1KTsNCgkJCQlPYmplY3RPdXRwdXRTdHJlYW0gZG9zMz1uZXcgT2JqZWN0T3V0cHV0U3RyZWFtKHN0bS5nZXRPdXRwdXRTdHJlYW0oKSk7IA0KCQkJCWRvczMud3JpdGVPYmplY3QoIlBhcnRpdGlvbjEiKTsgDQoJCQkJCQ0KCQkJCU9iamVjdElucHV0U3RyZWFtIGlucz1uZXcgT2JqZWN0SW5wdXRTdHJlYW0oc3RtLmdldElucHV0U3RyZWFtKCkpOw0KCQkJCVZlY3RvciBhMTE9KFZlY3RvcikgaW5zLnJlYWRPYmplY3QoKTsNCgkJCQlTeXN0ZW0ub3V0LnByaW50bG4oYTExKTsNCgkJCQkJDQoJCQkJVmlld1BhcnRpdGlvbiB2ID0gbmV3IFZpZXdQYXJ0aXRpb24oYTExKTsNCgkJCQl2LnNldFNpemUoNTgwLDQwMCk7DQoJCQkJdi5zZXRWaXNpYmxlKHRydWUpOw0KCQkJCQkNCgkJCX1jYXRjaCAoRXhjZXB0aW9uIGUpIHsNCgkJCQkvLyBUT0RPOiBoYW5kbGUgZXhjZXB0aW9uDQoJCQl9DQoJCX0NCgkJCQ0KCQkJaWYoYTEuZ2V0U291cmNlKCk9PWFzc2lnbikNCgkJCXsNCgkJCQl0cnkNCgkJCQl7DQoJCQkJCURiY29uIGRiPW5ldyBEYmNvbigpOw0KCQkJCQlDb25uZWN0aW9uIGNvbm5lY3Q9ZGIuZ2V0Q29ubmVjdGlvbigpOw0KCQkgICAgICAgICAgICBTdGF0ZW1lbnQgc3RtdCA9IGNvbm5lY3QuY3JlYXRlU3RhdGVtZW50KCk7DQoJCSAgICAgICAgICAgIA0KCQkgICAgICAgICAgICBoZWFkaW5nID0gbmV3IFZlY3RvcigpOw0KCQkgICAJCSANCgkJICAgCQkgaGVhZGluZy5hZGRFbGVtZW50KCJNZW1vcnkiKTsNCgkJICAgICAgICAgICAgZGF0YT1uZXcgVmVjdG9yKCk7DQoJCQkgICAgIAkgIA0KCQkgICAgICAgICAgICBTdHJpbmcgcXVlcnkgPSAiU0VMRUNUICogRlJPTSBWTTEiOw0KCQkgICAgICAgICAgICBSZXN1bHRTZXQgcnMgPSBzdG10LmV4ZWN1dGVRdWVyeShxdWVyeSk7DQoJCSAgICAgICAgICAgIFJlc3VsdFNldE1ldGFEYXRhIHJzbT1ycy5nZXRNZXRhRGF0YSgpOw0KCQkgICAgICAgICAgICBpbnQgY29sPXJzbS5nZXRDb2x1bW5Db3VudCgpOw0KDQoJCSAgICAgICAgICAgIHdoaWxlKHJzLm5leHQoKSkNCgkJICAgICAgICAgICAgew0KCQkgICAgICAgIAkgICBWZWN0b3Igcm93ID0gbmV3IFZlY3RvcigpOw0KCQkgICAgICAgIAkgICBmb3IoaW50IGkgPSAxOyBpIDw9Y29sOyBpKyspDQoJCSAgICAgICAgCSAgIHsNCgkJICAgICAgICAgICAgICAgcm93LmFkZEVsZW1lbnQocnMuZ2V0T2JqZWN0KGkpKTsNCg0KCQkgICAgICAgIAkgICB9DQoNCgkJICAgICAgICAJICAgZGF0YS5hZGRFbGVtZW50KHJvdyk7DQoJCSAgICAgICAgICAgIH0NCgkJCQkgIA0KCQkgICAgICAgICAgIHRhYmxlID0gbmV3IEpUYWJsZShkYXRhLGhlYWRpbmcpOw0KCQkJCSAgDQoJCSAgICAgICAgICAgcGFuZSA9IG5ldyBKU2Nyb2xsUGFuZSh0YWJsZSk7DQoJCQkJIA0KCQkgICAgICAgICAgIHBhbmUuc2V0Qm91bmRzKDMwLDUwLDYwMCwyMDApOw0KCQkgICAgICAgICAgIGMuYWRkKHBhbmUpOw0KCQkJCSANCgkJCQkJfWNhdGNoIChFeGNlcHRpb24gZSkgew0KCQkJCQkvLyBUT0RPOiBoYW5kbGUgZXhjZXB0aW9uDQoJCQkJfQ0KCQkJfQkNCgkJCWlmKGExLmdldFNvdXJjZSgpPT1pdGVtMikNCgkJCXt9CQ0KCQlpZihhMS5nZXRTb3VyY2UoKT09aXRlbTEpDQoJCXs=', '52fff0b87f94169c77ddfac67d9fdb4b541335d7', 'CgkJCXRyeQ0KCQkJew0KCQkJCSBTdHJpbmcgaXAgPSBKT3B0aW9uUGFuZS5zaG93SW5wdXREaWFsb2cobnVsbCwgIkVudGVyIFRoZSBJUCBBZGRyZXNzIG9mIExvYWQgQmFsYW5jZXIiKTsNCgkJCQkJDQoJCQkJCVNvY2tldCBzdG09bmV3IFNvY2tldChpcCw0NDU1KTsNCgkJCQkJT2JqZWN0T3V0cHV0U3RyZWFtIGRvczM9bmV3IE9iamVjdE91dHB1dFN0cmVhbShzdG0uZ2V0T3V0cHV0U3RyZWFtKCkpOyANCgkJCQkJZG9zMy53cml0ZU9iamVjdCgiQ1MxIik7IA0KCQkJCQkJDQoJCQkJCU9iamVjdElucHV0U3RyZWFtIGlucz1uZXcgT2JqZWN0SW5wdXRTdHJlYW0oc3RtLmdldElucHV0U3RyZWFtKCkpOw0KCQkJCQlWZWN0b3IgYTExPShWZWN0b3IpIGlucy5yZWFkT2JqZWN0KCk7DQoJCQkJCVN5c3RlbS5vdXQucHJpbnRsbihhMTEpOw0KCQkJCQkJDQoJCQkJCVZpZXdQYXJ0aXRpb25UcmFuc2FjdGlvbiB2ID0gbmV3IFZpZXdQYXJ0aXRpb25UcmFuc2FjdGlvbihhMTEpOw0KCQkJCQl2LnNldFNpemUoNTgwLDQwMCk7DQoJCQkJCXYuc2V0VmlzaWJsZSh0cnVlKTsNCgkJCQkJCQ0KCQkJCX1jYXRjaCAoRXhjZXB0aW9uIGUpIHsNCgkJCQkvLyBUT0RPOiBoYW5kbGUgZXhjZXB0aW9uDQoJCQl9DQoJCX0NCgkNCgl9DQoJDQoJDQoJY2xhc3MgUG9ydExpc3RlbmVyIGltcGxlbWVudHMgUnVubmFibGUNCgl7DQoNCgkJQnVmZmVyZWRPdXRwdXRTdHJlYW0gYm9zID0gbnVsbDsNCgkJU2VydmVyU29ja2V0IHNzMSwgc3MyOw0KCQlTb2NrZXQgczEsIHMyOw0KCQlTZXJ2ZXJTb2NrZXQgc2VydmVyLCBzZXJ2ZXIxLHNlcnZlcjIsc2VydmVyMzsNCgkJU29ja2V0IGNvbm5lY3Rpb24sIHNvOw0KCQlCdWZmZXJlZFJlYWRlciBiciA9IG51bGw7DQoJCWludCBwb3J0Ow0KDQoJCXB1YmxpYyBQb3J0TGlzdGVuZXIoaW50IHBvcnQpDQoJCXsNCgkJCXRoaXMucG9ydCA9IHBvcnQ7DQoJCX0NCg0KCQlwdWJsaWMgdm9pZCBydW4oKQ0KCQl7DQoJCQlEYmNvbiBkb25lPW5ldyBEYmNvbigpOw0KCQkJQ29ubmVjdGlvbiBjb25uZWN0ID0gZG9uZS5nZXRDb25uZWN0aW9uKCk7DQoJCQkNCgkJCWlmKHRoaXMucG9ydD09MTExMSkNCgkJCXsNCgkJCQkNCgkJCQkNCgkJCQlTdHJpbmcgbWFjPW51bGw7DQoJCQkJdHJ5DQoJCQkJew0KCQkJCQkNCgkJCQkJU2VydmVyU29ja2V0IHNlcnZlcjEgPSBuZXcgU2VydmVyU29ja2V0KDExMTEpOw0KCSAgICAgICAgICAgICAgICBTb2NrZXQgY29uNTsNCgkJCQkJd2hpbGUgKHRydWUpIA0KCQkJCQl7DQoJCQkJCQljb241ID0gc2VydmVyMS5hY2NlcHQoKTsNCgkJCQkJCURhdGFJbnB1dFN0cmVhbSBkaW4gPSBuZXcgRGF0YUlucHV0U3RyZWFtKGNvbjUuZ2V0SW5wdXRTdHJlYW0oKSk7DQoJCQkJCQkNCgkJCQkJCVN0cmluZyBvd25lciA9IGRpbi5yZWFkVVRGKCk7DQoJCQkJCQlTdHJpbmcgZm5hbWUgPSBkaW4ucmVhZFVURigpOw0KCQkJCQkJU3RyaW5nIHNrID0gZGluLnJlYWRVVEYoKTsNCgkJCQkJCVN0cmluZyBjb250ZW50ID0gZGluLnJlYWRVVEYoKTsNCgkJCQkJCVN0cmluZyBkdCA9IGRpbi5yZWFkVVRGKCk7DQoJCQkJCQkNCgkJCQkJCVByaW50U3RyZWFtIG91dDEgPSBudWxsOw0KCQkJCQkJdHJ5IHsNCgkJCQkJCQkgICBvdXQxID0gbmV3IFByaW50U3RyZWFtKG5ldyBGaWxlT3V0cHV0U3RyZWFtKCJDbG91ZFNlcnZlcjFcXCIrZm5hbWUpKTsNCgkJCQkJCQkgICBvdXQxLnByaW50KGNvbnRlbnQpOw0KCQkJCQkJCSAgICANCgkJCQkJCQl9DQoJCQkJCQkJZmluYWxseSB7DQoJCQkJCQkJICAgIGlmIChvdXQxICE9IG51bGwpIG91dDEuY2xvc2UoKTsNCgkJCQkJCQl9DQoJCQkJCQkJDQoJCQkJCQkJU3RhdGVtZW50IHN0bXQgPSBjb25uZWN0LmNyZWF0ZVN0YXRlbWVudCgpOw0KCQkJCQkJDQoJCQkJCQkJU3RyaW5nIHF1ZXJ5MSA9ICJpbnNlcnQgaW50byBDbG91ZFNlcnZlcjEgdmFsdWVzKCciK293bmVyKyInLCciK2ZuYW1lKyInLCciKyBzaysiJywnIitkdCsiJykiOw0KCQkJCQkJCXN0bXQuZXhlY3V0ZVVwZGF0ZShxdWVyeTEpOw0KCQkJCQkJCQ0KCQkJCQkJCVN0cmluZyB0YXNrPSJVcGxvYWQiOw0KCQkJCQkJCVN0cmluZyBjbG91ZD0iQ1MxIjsNCgkJCQkJCQljb25uZWN0LmNyZWF0ZVN0YXRlbWVudCgpLmV4ZWN1dGVVcGRhdGUoImluc2VydCBpbnRvIHRyYW5zYWN0aW9uIHZhbHVlcyAoJyIrb3duZXIrIicsJyIrZm5hbWUrIicsJyIrdGFzaysiJywnIitjbG91ZCsiJywnIitkdCsiJykiKTsNCgkJCQkJCQkNCgkJCQkJCQkNCgkJCQkJCQlEYXRhT3V0cHV0U3RyZWFtIGRvczM9bmV3IERhdGFPdXRwdXRTdHJlYW0oY29uNS5nZXRPdXRwdXRTdHJlYW0oKSk7DQoJCQkJCQkJZG9zMy53cml0ZVVURigic3VjY2VzcyIpOw0KCQkJCQkJCQ0KCQkJCQl9DQoJCQkJfWNhdGNoKEV4Y2VwdGlvbiBlcyl7U3lzdGVtLm91dC5wcmludGxuKGVzKTt9DQoJCQl9DQoJCQkNCgkJCWlmICh0aGlzLnBvcnQgPT0gNDY0NikNCgkJCXsNCgkJCQl0cnkNCgkJCQl7DQoJCQkJCVNlcnZlclNvY2tldCBzZXJ2ZXI5MDkgPSBuZXcgU2VydmVyU29ja2V0KDQ2NDYpOw0KCQkJCQlTb2NrZXQgY29uNzc3Ow0KDQoJCQkJCXdoaWxlICh0cnVlKSANCgkJCQkJew0KCQkJCQkJDQoJCQkJCWNvbjc3NyA9IHNlcnZlcjkwOS5hY2NlcHQoKTsNCgkJCQkJDQoJCQkJCURhdGFJbnB1dFN0cmVhbSBkaXMgPSBuZXcgRGF0YUlucHV0U3RyZWFtKGNvbjc3Ny5nZXRJbnB1dFN0cmVhbSgpKTsNCgkJCQkJU3RyaW5nIGZpbGUJPSBkaXMucmVhZFVURigpOw0KCQkJCQkNCgkJCQkJUmVzdWx0U2V0IHIxPWNvbm5lY3QuY3JlYXRlU3RhdGVtZW50KCkuZXhlY3V0ZVF1ZXJ5KCJzZWxlY3QgKiBmcm9tIENsb3VkU2VydmVyMSB3aGVyZSBmbmFtZT0nIitmaWxlKyInIik7DQoJCQkJCQ0KCQkJCQlpZihyMS5uZXh0KCk9PXRydWUpDQoJCQkJCXsNCgkJCQkJCVN0cmluZyBrPSByMS5nZXRTdHJpbmcoInNrIik7DQoJCQkJCQkNCgkJCQkJCURhdGFPdXRwdXRTdHJlYW0gZG9zMSA9IG5ldyBEYXRhT3V0cHV0U3RyZWFtKGNvbjc3Ny5nZXRPdXRwdXRTdHJlYW0oKSk7DQoJCQkJCQkNCgkJCQkJCWRvczEud3JpdGVVVEYoImtleSIpOw0KCQkJCQkJZG9zMS53cml0ZVVURihrKTsNCgkJCQkJCQkNCgkJCQkJfQ0KCQkJCQlpZihyMS5uZXh0KCk9PWZhbHNlKQ0KCQkJCQl7DQoJCQkJCQlEYXRhT3V0cHV0U3RyZWFtIGRvczEgPSBuZXcgRGF0YU91dHB1dFN0cmVhbShjb243NzcuZ2V0T3V0cHV0U3RyZWFtKCkpOw0KCQkJCQkJZG9zMS53cml0ZVVURigibm8iKTsNCgkJCQkJCWRvczEud3JpdGVVVEYoIm5vIik7DQoJCQkJCQkJDQoJCQkJCX0NCgkJCQkJDQoJCQkJCX0NCgkJCQkJDQoJCQkJCX1jYXRjaCAoRXhjZXB0aW9uIGUpIHsNCgkJCQkJDQoJCQkJfQ0KCQkJDQoJCQl9DQoJCQkNCgkJCWlmICh0aGlzLnBvcnQgPT0gOTk4OCkNCgkJCXsNCgkJCQl0cnkNCgkJCQl7DQo=', '-2f0527683da84443c1c6afb47a7ff0951911f00e', 'CQkJCVNlcnZlclNvY2tldCBzZXJ2ZXI5MDkgPSBuZXcgU2VydmVyU29ja2V0KDk5ODgpOw0KCQkJCQlTb2NrZXQgY29uNzc3Ow0KDQoJCQkJCXdoaWxlICh0cnVlKSANCgkJCQkJew0KCQkJCQkJDQoJCQkJCWNvbjc3NyA9IHNlcnZlcjkwOS5hY2NlcHQoKTsNCgkJCQkJDQoJCQkJCURhdGFJbnB1dFN0cmVhbSBkaXMgPSBuZXcgRGF0YUlucHV0U3RyZWFtKGNvbjc3Ny5nZXRJbnB1dFN0cmVhbSgpKTsNCgkJCQkJU3RyaW5nIHVzZXIJPSBkaXMucmVhZFVURigpOw0KCQkJCQlTdHJpbmcgZmlsZQk9IGRpcy5yZWFkVVRGKCk7DQoJCQkJCVN0cmluZyBzawk9IGRpcy5yZWFkVVRGKCk7DQoJCQkJCQ0KLy8JLwkJCQlsb25nICBzdGFydCA9IFN5c3RlbS5jdXJyZW50VGltZU1pbGxpcygpOw0KCQkJCQ0KCQkJCQlTaW1wbGVEYXRlRm9ybWF0IHNkID0gbmV3IFNpbXBsZURhdGVGb3JtYXQoImRkL01NL3l5eXkiKTsJDQoJCQkJCURhdGUgZCA9IG5ldyBEYXRlKCk7CQ0KCQkJCQlTdHJpbmcgZHQgPSBzZC5mb3JtYXQoZCk7DQoNCgkJCQkJUmVzdWx0U2V0IHIxPWNvbm5lY3QuY3JlYXRlU3RhdGVtZW50KCkuZXhlY3V0ZVF1ZXJ5KCJzZWxlY3QgKiBmcm9tIENsb3VkU2VydmVyMSB3aGVyZSBmbmFtZT0nIitmaWxlKyInIik7DQoJCQkJCQ0KCQkJCQlpZihyMS5uZXh0KCk9PXRydWUpDQoJCQkJCXsNCgkJCQkJCVJlc3VsdFNldCByMj1jb25uZWN0LmNyZWF0ZVN0YXRlbWVudCgpLmV4ZWN1dGVRdWVyeSgic2VsZWN0ICogZnJvbSBDbG91ZFNlcnZlcjEgd2hlcmUgZm5hbWU9JyIrZmlsZSsiJyBhbmQgc2s9JyIrc2srIiciKTsNCgkJCQkJCQ0KCQkJCQkJaWYocjIubmV4dCgpPT10cnVlKQ0KCQkJCQkJew0KLy8JCQkJCQkJbG9uZyAgZW5kID0gU3lzdGVtLmN1cnJlbnRUaW1lTWlsbGlzKCk7DQovLwkJCQkJCQlTdHJpbmcgY3B1ID0gTG9uZy50b1N0cmluZyhlbmQtc3RhcnQpOw0KCQkJCQkJCUFFUyBhID0gbmV3IEFFUygpOw0KCQkJCQkJCVN0cmluZyBrZXlXb3JkID0gImVmNTBhMGVmMmMzZTNhNWZkZjgwM2FlOTc1MmM4YzY2IjsNCgkJCQkJCQkNCgkJCQkJCQlGaWxlSW5wdXRTdHJlYW0gZnMgPSBuZXcgRmlsZUlucHV0U3RyZWFtKCJDbG91ZFNlcnZlcjFcXCIrZmlsZSk7DQoJCQkJCQkJYnl0ZSBiczFbXSA9IG5ldyBieXRlW2ZzLmF2YWlsYWJsZSgpXTsNCgkJCQkJCQlmcy5yZWFkKGJzMSk7DQoJCQkJCQkJU3RyaW5nIGNvbnRlbnQgPSBuZXcgU3RyaW5nKGJzMSk7DQoJCQkJCQkJDQoJCQkJCQkJU3RyaW5nIHRhc2s9IkRvd25sb2FkIjsNCgkJCQkJCQlTdHJpbmcgY2xvdWQ9IkNTMSI7DQoJCQkJCQkJY29ubmVjdC5jcmVhdGVTdGF0ZW1lbnQoKS5leGVjdXRlVXBkYXRlKCJpbnNlcnQgaW50byB0cmFuc2FjdGlvbiB2YWx1ZXMgKCciK3VzZXIrIicsJyIrZmlsZSsiJywnIit0YXNrKyInLCciK2Nsb3VkKyInLCciK2R0KyInKSIpOw0KCQkJCQkJCQ0KCQkJCQkJCURhdGFPdXRwdXRTdHJlYW0gZG9zMSA9IG5ldyBEYXRhT3V0cHV0U3RyZWFtKGNvbjc3Ny5nZXRPdXRwdXRTdHJlYW0oKSk7DQoJCQkJCQkJZG9zMS53cml0ZVVURigic3VjY2VzcyIpOw0KCQkJCQkJCWRvczEud3JpdGVVVEYoYS5kZWNyeXB0KGNvbnRlbnQsIGtleVdvcmQpKTsNCgkJCQkJCX0NCgkJCQkJCWVsc2UNCgkJCQkJCXsNCgkJCQkJCQljb25uZWN0LmNyZWF0ZVN0YXRlbWVudCgpLmV4ZWN1dGVVcGRhdGUoImluc2VydCBpbnRvIEF0dGFja2VyIHZhbHVlcyAoJyIrdXNlcisiJywnIitmaWxlKyInLCciK3NrKyInLCciK2R0KyInKSIpOw0KCQkJCQkJCQ0KCQkJCQkJCURhdGFPdXRwdXRTdHJlYW0gZG9zMSA9IG5ldyBEYXRhT3V0cHV0U3RyZWFtKGNvbjc3Ny5nZXRPdXRwdXRTdHJlYW0oKSk7DQoJCQkJCQkJZG9zMS53cml0ZVVURigiZmFpbHVyZSIpOw0KCQkJCQkJCWRvczEud3JpdGVVVEYoImZhaWx1cmUiKTsNCgkJCQkJCQkNCgkJCQkJCX0NCgkJCQkJCQkNCgkJCQkJfQ0KCQkJCQlpZihyMS5uZXh0KCkhPXRydWUpDQoJCQkJCQl7DQoJCQkJCQkNCgkJCQkJCURhdGFPdXRwdXRTdHJlYW0gZG9zMSA9IG5ldyBEYXRhT3V0cHV0U3RyZWFtKGNvbjc3Ny5nZXRPdXRwdXRTdHJlYW0oKSk7DQoJCQkJCQlkb3MxLndyaXRlVVRGKCJub2ZpbGUiKTsNCgkJCQkJCWRvczEud3JpdGVVVEYoIm5vZmlsZSIpOw0KCQkJCQkJDQoJCQkJCQkJDQoJCQkJCQl9CQkNCgkJCQkJCQ0KCQkJCQkNCgkJCQkJfQ0KCQkJCQkNCgkJCQkJfWNhdGNoIChFeGNlcHRpb24gZSkgew0KCQkJCQkNCgkJCQl9DQoJCX0NCgkJDQoJCQlpZiAodGhpcy5wb3J0ID09IDE0NDQpDQoJCQl7DQoJCQkJdHJ5DQoJCQkJew0KCQkJCQlTZXJ2ZXJTb2NrZXQgc2VydmVyOTA5ID0gbmV3IFNlcnZlclNvY2tldCgxNDQ0KTsNCgkJCQkJU29ja2V0IGNvbjc3NzsNCg0KCQkJCQl3aGlsZSAodHJ1ZSkgDQoJCQkJCXsNCgkJCQkJCQkNCgkJCQkJCWNvbjc3NyA9IHNlcnZlcjkwOS5hY2NlcHQoKTsNCgkJCQkJCQ0KCQkJCQkJT2JqZWN0SW5wdXRTdHJlYW0gaW4zPW5ldyBPYmplY3RJbnB1dFN0cmVhbShjb243NzcuZ2V0SW5wdXRTdHJlYW0oKSk7DQoJCQkJCQkNCgkJCQkJCVN0cmluZyBjcz1pbjMucmVhZE9iamVjdCgpLnRvU3RyaW5nKCk7DQoJCQkJCQkNCgkJCQkJCVZlY3RvciBkYXRhID0gbmV3IFZlY3RvcigpOw0KCQkJCQkJDQoJCQkJCQkNCgkJCQkJCVJlc3VsdFNldCByMT1jb25uZWN0LmNyZWF0ZVN0YXRlbWVudCgpLmV4ZWN1dGVRdWVyeSgic2VsZWN0IG93bmVyLGZuYW1lLHRhc2ssY2xvdWQsZHQgZnJvbSB0cmFuc2FjdGlvbiB3aGVyZSBjbG91ZD0nIitjcysiJyIpOw0KDQoJCQkJCQlSZXN1bHRTZXRNZXRhRGF0YSByc209cjEuZ2V0TWV0YURhdGEoKTsNCgkJCQkJCWludCBjb2w9cnNtLmdldENvbHVtbkNvdW50KCk7DQoJCQkJCQkNCgkJCQkJCXdoaWxlKHIxLm5leHQoKT09dHJ1ZSkNCgkJCQkJCXsNCgkJCQkJCQlWZWN0b3Igcm93ID0gbmV3IFZlY3RvcigpOw0KCQkJICAgICAgICAgICAgCWZvcihpbnQgaSA9IDE7IGkgPD1jb2w7IGkrKyl7DQoJCQkgICAgICAgICAgICAgICAgcm93LmFkZEVsZW1lbnQocjEuZ2V0T2JqZWN0KGkpKTsNCgkJCSAgICAgICAgICAgICAgICANCgkJCSAgICAgICAgICAgICB9DQoJCQkgICAgICAgICAgICAJZGF0YS5hZGRFbGVtZW50KHJvdyk7DQoJCQkJCQl9DQoJCQkJCQkNCgkJCQkJCU9iamVjdE91dHB1dFN0cmVhbSBkb3V0ID0gbmV3IE9iamVjdE91dHB1dFN0cmVhbShjb243NzcuZ2V0T3V0cHV0U3RyZWFtKCkpOw0KCQkJCQkJZG91dC53cml0ZU9iamVjdChkYXRhKTsNCgkJCQkJCQ0KCQkJCQkJfQ0KCQkJCQkNCgkJCQkJfWNhdGNoIChFeGNlcHRpb24gZSkgew0KCQkJCQkNCgkJCQl9DQoJCX0NCgkJCQ0KCX0NCgl9DQoJDQoJDQoJcHVibGljIHN0YXRpYyB2b2lkIG1haW4oU3RyaW5nW10gYXJncykgDQoJew0KCQluZXcgQ2xvdWRzZXJ2ZXIxKCk7DQoJfQ0KCQ0KfQ0K', '-27e6f45f1a0b7b0d1da58443563328580d023f94', '[B@1192059', '06/09/2021   18:18:20', '13729');
INSERT INTO `backupcloudserver` VALUES ('2', 'DataOwner.java', 'Manjunath', 'cloud', 'aW1wb3J0IGphdmEuYXd0LkNvbG9yOw0KaW1wb3J0IGphdmEuYXd0LkNvbnRhaW5lcjsNCmltcG9ydCBqYXZhLmF3dC5Gb250Ow0KaW1wb3J0IGphdmEuYXd0Lk1lbnU7DQppbXBvcnQgamF2YS5hd3QuTWVudUJhcjsNCmltcG9ydCBqYXZhLmF3dC5NZW51SXRlbTsNCmltcG9ydCBqYXZhLmF3dC5ldmVudC5BY3Rpb25FdmVudDsNCmltcG9ydCBqYXZhLmF3dC5ldmVudC5BY3Rpb25MaXN0ZW5lcjsNCmltcG9ydCBqYXZhLmlvLkJ1ZmZlcmVkSW5wdXRTdHJlYW07DQppbXBvcnQgamF2YS5pby5CdWZmZXJlZE91dHB1dFN0cmVhbTsNCmltcG9ydCBqYXZhLmlvLkJ1ZmZlcmVkUmVhZGVyOw0KaW1wb3J0IGphdmEuaW8uRGF0YUlucHV0U3RyZWFtOw0KaW1wb3J0IGphdmEuaW8uRGF0YU91dHB1dFN0cmVhbTsNCmltcG9ydCBqYXZhLmlvLkZpbGU7DQppbXBvcnQgamF2YS5pby5GaWxlSW5wdXRTdHJlYW07DQppbXBvcnQgamF2YS5pby5GaWxlT3V0cHV0U3RyZWFtOw0KaW1wb3J0IGphdmEuaW8uSU9FeGNlcHRpb247DQppbXBvcnQgamF2YS5pby5JbnB1dFN0cmVhbVJlYWRlcjsNCmltcG9ydCBqYXZhLmlvLk9iamVjdElucHV0U3RyZWFtOw0KaW1wb3J0IGphdmEuaW8uT2JqZWN0T3V0cHV0U3RyZWFtOw0KaW1wb3J0IGphdmEuaW8uUHJpbnRTdHJlYW07DQppbXBvcnQgamF2YS5tYXRoLkJpZ0ludGVnZXI7DQppbXBvcnQgamF2YS5uZXQuU2VydmVyU29ja2V0Ow0KaW1wb3J0IGphdmEubmV0LlNvY2tldDsNCmltcG9ydCBqYXZhLnNlY3VyaXR5LkRpZ2VzdElucHV0U3RyZWFtOw0KaW1wb3J0IGphdmEuc2VjdXJpdHkuS2V5Ow0KaW1wb3J0IGphdmEuc2VjdXJpdHkuS2V5UGFpcjsNCmltcG9ydCBqYXZhLnNlY3VyaXR5LktleVBhaXJHZW5lcmF0b3I7DQppbXBvcnQgamF2YS5zZWN1cml0eS5NZXNzYWdlRGlnZXN0Ow0KaW1wb3J0IGphdmEuc3FsLkNvbm5lY3Rpb247DQppbXBvcnQgamF2YS5zcWwuRHJpdmVyTWFuYWdlcjsNCmltcG9ydCBqYXZhLnNxbC5SZXN1bHRTZXQ7DQppbXBvcnQgamF2YS5zcWwuU3RhdGVtZW50Ow0KaW1wb3J0IGphdmEudGV4dC5EYXRlRm9ybWF0Ow0KaW1wb3J0IGphdmEudGV4dC5TaW1wbGVEYXRlRm9ybWF0Ow0KaW1wb3J0IGphdmEudXRpbC5EYXRlOw0KaW1wb3J0IGphdmEudXRpbC5WZWN0b3I7DQoNCmltcG9ydCBqYXZheC5jcnlwdG8uQ2lwaGVyOw0KaW1wb3J0IGphdmF4LmNyeXB0by5LZXlHZW5lcmF0b3I7DQppbXBvcnQgamF2YXguc3dpbmcuQm9yZGVyRmFjdG9yeTsNCmltcG9ydCBqYXZheC5zd2luZy5JbWFnZUljb247DQppbXBvcnQgamF2YXguc3dpbmcuSkJ1dHRvbjsNCmltcG9ydCBqYXZheC5zd2luZy5KQ29tYm9Cb3g7DQppbXBvcnQgamF2YXguc3dpbmcuSkZpbGVDaG9vc2VyOw0KaW1wb3J0IGphdmF4LnN3aW5nLkpGcmFtZTsNCmltcG9ydCBqYXZheC5zd2luZy5KTGFiZWw7DQppbXBvcnQgamF2YXguc3dpbmcuSk9wdGlvblBhbmU7DQppbXBvcnQgamF2YXguc3dpbmcuSlNjcm9sbFBhbmU7DQppbXBvcnQgamF2YXguc3dpbmcuSlRleHRBcmVhOw0KaW1wb3J0IGphdmF4LnN3aW5nLkpUZXh0RmllbGQ7DQppbXBvcnQgamF2YXguc3dpbmcuVUlNYW5hZ2VyOw0KaW1wb3J0IGphdmF4LnN3aW5nLmJvcmRlci5Cb3JkZXI7DQppbXBvcnQgamF2YS51dGlsLio7DQoNCnB1YmxpYyBjbGFzcyBEYXRhT3duZXIgaW1wbGVtZW50cyBBY3Rpb25MaXN0ZW5lciB7DQoJSkZyYW1lIGpmOw0KCUNvbnRhaW5lciBjOw0KCUpMYWJlbCBsMSwgbDIsIGwzLCBsNCwgbDUsIGw2LCBsNywgbDgsIGw5Ow0KCUpCdXR0b24gYjEsIGIyLCBiMywgYjQsIGI1LCBiNixiMm07DQoJSlNjcm9sbFBhbmUgc3A7DQoJSlRleHRBcmVhIHRhOw0KCUpUZXh0RmllbGQgdDEsIHQyLCB0MzsNCglNZW51QmFyIG1icjsNCglNZW51IGZpbGU7DQoJTWVudUl0ZW0gaXRlbSxpdGVtMjsNCglCb3JkZXIgYjExLCBiMjIsIGIzMzsNCglGaWxlIHBhdGg7DQoJSkNvbWJvQm94IGpiOw0KCU9iamVjdCB0eXBlOw0KCVN0cmluZyBzZWxJdGVtLG1hYzsNCglDaXBoZXIgZW5jb2RlcjsNCglLZXkgcHJLZXk7DQoJaW50IHJhbms7DQoJSkxhYmVsIG93bmVybmFtZTsNCglKVGV4dEZpZWxkIG93bmVydGV4dDsNCgkNCglwdWJsaWMgc3RhdGljIEtleSBwdWJLZXk7DQoJcHVibGljIEZvbnQgZiA9IG5ldyBGb250KCJUaW1lcyBuZXcgcm9tYW4iLCBGb250LkJPTEQsIDE2KTsNCglTdHJpbmcga2V5V29yZCA9ICJlZjUwYTBlZjJjM2UzYTVmZGY4MDNhZTk3NTJjOGM2NiI7DQoJDQoJRGF0YU93bmVyKFN0cmluZyBuYW1lKSB7DQoJCWpmID0gbmV3IEpGcmFtZSgiRGF0YSBPd25lciA6OiBBIE5vdmVsIFNjaGVkdWxpbmcgTWVjaGFuaXNtIEZvciBIeWJyaWQgQ2xvdWQgU3lzdGVtcyIpOw0KCQljID0gamYuZ2V0Q29udGVudFBhbmUoKTsNCgkJYy5zZXRMYXlvdXQobnVsbCk7DQoJCWMuc2V0QmFja2dyb3VuZChuZXcgQ29sb3IoMTQxLDE3MCwxNjEp', '25f66a896972ad45c3c91054262fea8a4fa33e2b', 'Ow0KCS8vIEhlcmUgaXMgdGhlIHVwZGF0ZWQgY29kZQkNCgkJbWJyID0gbmV3IE1lbnVCYXIoKTsNCgkJZmlsZSA9IG5ldyBNZW51KCJWaWV3IE93bmVyIEZpbGVzIik7DQoJCWl0ZW09IG5ldyBNZW51SXRlbSgiVmlldyBPd25lciBGaWxlcyIpOw0KCQlpdGVtLmFkZEFjdGlvbkxpc3RlbmVyKHRoaXMpOw0KCQlmaWxlLmFkZChpdGVtKTsNCgkJDQoJCWl0ZW0yPSBuZXcgTWVudUl0ZW0oIlZpZXcgQXVkaXQgUmVzdWx0Iik7DQoJCWl0ZW0yLmFkZEFjdGlvbkxpc3RlbmVyKHRoaXMpOw0KLy8JCWZpbGUuYWRkKGl0ZW0yKTsNCi8vCQkNCgkJbWJyLmFkZChmaWxlKTsNCgkJamYuc2V0TWVudUJhcihtYnIpOw0KCQkNCgkJb3duZXJuYW1lID0gbmV3IEpMYWJlbCgiT3duZXIgTmFtZSIpOw0KCQlvd25lcm5hbWUuc2V0Rm9udChmKTsNCgkJb3duZXJuYW1lLnNldEJvdW5kcyg3MCwgMTAwLCAxMjAsIDMwKTsNCgkJYy5hZGQob3duZXJuYW1lKTsNCgkJDQoJCW93bmVydGV4dCA9IG5ldyBKVGV4dEZpZWxkKCk7DQoJCW93bmVydGV4dC5zZXRCb3VuZHMoNzAsIDEzMCwgMTIwLCAzMCk7DQoJCW93bmVydGV4dC5zZXRGb250KGYpOw0KCQlvd25lcnRleHQuc2V0VGV4dChuYW1lKTsNCgkJb3duZXJ0ZXh0LnNldEVkaXRhYmxlKGZhbHNlKTsNCgkJDQoJCWMuYWRkKG93bmVydGV4dCk7DQoNCg0KCQl0YSA9IG5ldyBKVGV4dEFyZWEoKTsNCgkJdGEuc2V0Q29sdW1ucygxMDApOw0KCQl0YS5zZXRSb3dzKDEwMCk7DQoNCgkJc3AgPSBuZXcgSlNjcm9sbFBhbmUoKTsNCgkJc3Auc2V0Vmlld3BvcnRWaWV3KHRhKTsNCgkJc3Auc2V0Qm91bmRzKDMwNSwgMTMwLCAzMTUsIDI1MCk7DQoNCgkJYjEgPSBuZXcgSkJ1dHRvbigiQnJvd3NlIik7DQoJCWIyID0gbmV3IEpCdXR0b24oIlVwbG9hZCBGaWxlIik7DQoJCWIzID0gbmV3IEpCdXR0b24oIlZlcmlmeSIpOw0KCQliNCA9IG5ldyBKQnV0dG9uKCJVcGRhdGUgQmxvY2siKTsNCgkJYjUgPSBuZXcgSkJ1dHRvbigiUHVyY2hhc2UiKTsNCgkJDQoJCWIxLmFkZEFjdGlvbkxpc3RlbmVyKHRoaXMpOw0KCQliMi5hZGRBY3Rpb25MaXN0ZW5lcih0aGlzKTsNCgkJYjMuYWRkQWN0aW9uTGlzdGVuZXIodGhpcyk7DQoJCWI0LmFkZEFjdGlvbkxpc3RlbmVyKHRoaXMpOw0KCQliNS5hZGRBY3Rpb25MaXN0ZW5lcih0aGlzKTsNCgkJDQoJCWIxLnNldEJhY2tncm91bmQoQ29sb3IuWUVMTE9XKTsNCgkJYjIuc2V0QmFja2dyb3VuZChDb2xvci5ZRUxMT1cpOw0KCQliMy5zZXRCYWNrZ3JvdW5kKENvbG9yLllFTExPVyk7DQoJCWI0LnNldEJhY2tncm91bmQoQ29sb3IuWUVMTE9XKTsNCgkJYjUuc2V0QmFja2dyb3VuZChDb2xvci5ZRUxMT1cpOw0KCQkNCi8vCQlpdGVtLmFkZEFjdGlvbkxpc3RlbmVyKHRoaXMpOw0KDQoJCWIxLnNldEJvdW5kcyg3MCwgMTkwLCAxMjAsIDMwKTsNCgkJYjIuc2V0Qm91bmRzKDcwLCAyNTAsIDEyMCwgMzApOw0KCQliMy5zZXRCb3VuZHMoNzAsIDMxMCwgMTIwLCAzMCk7DQoJCWI0LnNldEJvdW5kcyg3MCwgMzcwLCAxMjAsIDMwKTsNCgkJYjUuc2V0Qm91bmRzKDk1LCA0MzAsIDEyMCwgMzApOw0KCQkNCgkJSW1hZ2VJY29uIGJhbm5lciA9IG5ldyBJbWFnZUljb24odGhpcy5nZXRDbGFzcygpLmdldFJlc291cmNlKCJEYXRhT3duZXIucG5nIikpOw0KCQlKTGFiZWwgdGl0bGUgPSBuZXcgSkxhYmVsKCk7DQoJCXRpdGxlLnNldEljb24oYmFubmVyKTsNCgkJdGl0bGUuc2V0Qm91bmRzKDUsIDEwLCAgNzUwLDQ1MCk7DQoJCQ0KCQkNCgkJDQoJCWMuYWRkKHNwKTsNCi8vCQljLmFkZChsMSk7DQoJCQ0KLy8JCWMuYWRkKGwyKTsNCgkJYy5hZGQoYjEpOw0KCQljLmFkZChiMik7DQovLwkJYy5hZGQoYjMpOw0KLy8JCWMuYWRkKGI0KTsNCi8vCQljLmFkZChiNSk7DQogICAgCWMuYWRkKHRpdGxlKTsNCi8vCQljLmFkZCh0aXRsZSk7DQoJCWpmLnNldFNpemUoNzcwLDUzMCk7DQoJCWpmLnNob3coKTsNCgkJDQoJDQoJfQ0KDQoJY2xhc3MgUG9ydExpc3RlbmVyIGltcGxlbWVudHMgUnVubmFibGUgew0KCQkJDQoJCQlpbnQgcG9ydDsNCg0KCQkJcHVibGljIFBvcnRMaXN0ZW5lcihpbnQgcG9ydCkgew0KCQkJCXRoaXMucG9ydCA9IHBvcnQ7DQoJCQl9DQoNCgkJCXB1YmxpYyB2b2lkIHJ1bigpIHsNCgkJCQl0cnl7DQoJCQkJQ2xhc3MuZm9yTmFtZSgiY29tLm15c3FsLmpkYmMuRHJpdmVyIik7DQoJCQkJRGJjb24gZGI9bmV3IERiY29uKCk7DQoJCQkJQ29ubmVjdGlvbiBjb25uZWN0PWRiLmdldENvbm5lY3Rpb24oKTsNCgkJCQlTb2NrZXQgczsNCgkJCQkgDQoJCQkgDQoJCQkJfWNhdGNoIChFeGNlcHRpb24gZSkgew0KCQkJCQkJZS5wcmludFN0YWNrVHJhY2UoKTsNCgkJCQl9DQoJCQl9DQoJfQ0KCXB1YmxpYyB2b2lkIGFjdGlvblBlcmZvcm1lZChBY3Rpb25FdmVudCBlKSB7DQoJCVN0cmluZyBzdHJsaW5lID0gIiI7DQoJCU9iamVjdCBvID0gZS5nZXRTb3VyY2UoKTsNCgkJaWYgKG8gPT0gaXRlbSkgew0KDQoJCQl0cnkNCgkJCXs=', '26bb8d520c04f8f80e0f8131c80e802adeece444', 'CgkJCQlWaWV3T3duZXJGaWxlcyB2ID0gbmV3IFZpZXdPd25lckZpbGVzKCk7DQoJCQkJdi5zZXRTaXplKDYwMCwgNDAwKTsNCgkJCQl2LnNldFZpc2libGUodHJ1ZSk7DQoJCQkJDQoJCQl9Y2F0Y2ggKEV4Y2VwdGlvbiBlNSkgew0KCQkJCS8vIFRPRE86IGhhbmRsZSBleGNlcHRpb24NCgkJCX0NCgkJfQ0KCQlpZiAobyA9PSBpdGVtMikgew0KDQoJCQl0cnkNCgkJCXsNCgkJCQlTdHJpbmcgaXAgPSBKT3B0aW9uUGFuZS5zaG93SW5wdXREaWFsb2cobnVsbCwgIkVudGVyIFZlcmlmaWVyIElQIEFkZHJlc3MiKTsNCgkJCQlTb2NrZXQgc3RtPW5ldyBTb2NrZXQoaXAsMTc3Nyk7DQoJCQkJT2JqZWN0T3V0cHV0U3RyZWFtIGRvczM9bmV3IE9iamVjdE91dHB1dFN0cmVhbShzdG0uZ2V0T3V0cHV0U3RyZWFtKCkpOw0KCQkJCWRvczMud3JpdGVPYmplY3QoInJlcXVlc3QiKTsgDQoJCQkJDQoJCQkJDQoJCQkJT2JqZWN0SW5wdXRTdHJlYW0gaW5zPW5ldyBPYmplY3RJbnB1dFN0cmVhbShzdG0uZ2V0SW5wdXRTdHJlYW0oKSk7DQoJCQkJVmVjdG9yIGExPShWZWN0b3IpIGlucy5yZWFkT2JqZWN0KCk7DQoJCQkJU3lzdGVtLm91dC5wcmludGxuKGExKTsNCgkJCQkNCi8vCQkJCVZpZXdBdWRpdFJlc3VsdDEgdiA9IG5ldyBWaWV3QXVkaXRSZXN1bHQxKGExKTsNCi8vCQkJCXYuc2V0U2l6ZSg2MDAsNDAwKTsNCi8vCQkJCXYuc2V0VmlzaWJsZSh0cnVlKTsNCgkJCQkNCgkJCX1jYXRjaCAoRXhjZXB0aW9uIGU1KSB7DQoJCQkJLy8gVE9ETzogaGFuZGxlIGV4Y2VwdGlvbg0KCQkJfQ0KCQl9DQoJCQ0KCQlpZiAobyA9PSBiMSkgew0KCQkJSkZpbGVDaG9vc2VyIGNob29zZXIgPSBuZXcgSkZpbGVDaG9vc2VyKCJEYXRhYmFzZSIpOw0KCQkJdHJ5IHsNCgkJCQlGaWxlIGYgPSBuZXcgRmlsZShuZXcgRmlsZSgiZmlsZW5hbWUudHh0IikuZ2V0Q2Fub25pY2FsUGF0aCgpKTsNCgkJCQljaG9vc2VyLnNldFNlbGVjdGVkRmlsZShmKTsNCgkJCX0gY2F0Y2ggKElPRXhjZXB0aW9uIGUxKSB7DQoJCQl9DQoNCgkJCWludCByZXR2YWwgPSBjaG9vc2VyLnNob3dPcGVuRGlhbG9nKGIxKTsNCgkJCWlmIChyZXR2YWwgPT0gSkZpbGVDaG9vc2VyLkFQUFJPVkVfT1BUSU9OKSB7DQoJCQkJRmlsZSBmaWVsZCA9IGNob29zZXIuZ2V0U2VsZWN0ZWRGaWxlKCk7DQoJCQkJDQoJCQkJcGF0aCA9IGNob29zZXIuZ2V0U2VsZWN0ZWRGaWxlKCk7DQoJCQl9DQoNCgkJCUZpbGUgY3VyRmlsZSA9IGNob29zZXIuZ2V0U2VsZWN0ZWRGaWxlKCk7DQoJCQl0cnkgew0KCQkJCUZpbGVJbnB1dFN0cmVhbSBmc3RyZWFtID0gbmV3IEZpbGVJbnB1dFN0cmVhbShjdXJGaWxlKTsNCgkJCQlEYXRhSW5wdXRTdHJlYW0gaW5zID0gbmV3IERhdGFJbnB1dFN0cmVhbShmc3RyZWFtKTsNCgkJCQlCdWZmZXJlZFJlYWRlciBiciA9IG5ldyBCdWZmZXJlZFJlYWRlcihuZXcgSW5wdXRTdHJlYW1SZWFkZXIoDQoJCQkJCQlpbnMpKTsNCgkJCQlTdHJpbmdCdWZmZXIgYnVmZmVyID0gbmV3IFN0cmluZ0J1ZmZlcigpOw0KDQoJCQkJd2hpbGUgKChzdHJsaW5lID0gYnIucmVhZExpbmUoKSkgIT0gbnVsbCkgew0KLy8JCQkJCVN5c3RlbS5vdXQucHJpbnRsbihzdHJsaW5lKTsNCgkJCQkJYnVmZmVyLmFwcGVuZChzdHJsaW5lICsgIlxuIik7DQoJCQkJfQ0KCQkJCXRhLnNldFRleHQoYnVmZmVyLnRvU3RyaW5nKCkpOw0KCQkJCQ0KCQkJCQ0KCQkJCQ0KCQkJfSBjYXRjaCAoRXhjZXB0aW9uIGUxKSB7DQoJCQkJZTEucHJpbnRTdGFja1RyYWNlKCk7DQoJCQl9DQoJCX0NCgkJaWYobyA9PSBiNSkNCgkJew0KCQkJdHJ5ew0KCQkJCQ0KCQkJfWNhdGNoIChFeGNlcHRpb24gZTMpIHsNCgkJCQkvLyBUT0RPOiBoYW5kbGUgZXhjZXB0aW9uDQoJCQl9DQoJCX0NCgkJaWYobyA9PSBiMykNCgkJe30NCgkJaWYobyA9PSBiNCkNCgkJe30NCgkJaWYgKG8gPT0gYjIpIHsNCgkJCXRyeSB7DQoJCQkJRGJjb24gZGIgPSBuZXcgRGJjb24oKTsNCgkJCQlDb25uZWN0aW9uIGNvbm5lY3QgPWRiLmdldENvbm5lY3Rpb24oKTsNCgkJCQlTdGF0ZW1lbnQgc3RtdCA9IGNvbm5lY3QuY3JlYXRlU3RhdGVtZW50KCk7DQoJCQkJDQoJCQkJU3RyaW5nIG93bmVyID0gb3duZXJ0ZXh0LmdldFRleHQoKTsNCgkJCQlTdHJpbmcgY29udGVudD1BRVMuZW5jcnlwdCh0YS5nZXRUZXh0KCksa2V5V29yZCk7DQoJCQkNCgkJCQlTaW1wbGVEYXRlRm9ybWF0IHNkID0gbmV3IFNpbXBsZURhdGVGb3JtYXQoImRkL01NL3l5eXkiKTsNCgkJCQkNCgkJCQlEYXRlIGQgPSBuZXcgRGF0ZSgpOw0KCQkJCQ0KCQkJCVN0cmluZyBkdCA9IHNkLmZvcm1hdChkKTsNCgkJCQkJIA0KCQkJCVJhbmRvbSByPW5ldyBSYW5kb20oKTsNCgkJCQkNCgkJCQlTdHJpbmcgbmV3a2V5PVN0cmluZy52YWx1ZU9mKHIubmV4dEludCgxMDAwMCkpOw0KCQkJCQ0KCQkJCVN0cmluZyBmbmFtZSA9IEpPcHRpb25QYW5lLnNob3dJbnB1dERpYWxvZyhudWxsLCJFbnQ=', '-2dd1cd2883983c5d90946c8f20e4654018635792', 'ciB0aGUgZmlsZSBuYW1lIik7DQoJCQkJDQoJCQkJU3RyaW5nW10gZHNuID0geyAiU2VsZWN0IiwgIkNTMSIsICJDUzIiLCAiQ1MzIn07DQoJCQkJDQoJCQkJIFN0cmluZyBrZXl3ID0gKFN0cmluZykgSk9wdGlvblBhbmUuc2hvd0lucHV0RGlhbG9nKG51bGwsDQoJCQkJCQkiU2VsZWN0IENsb3VkIFNlcnZlciIsICIgQ2xvdWRTZXJ2ZXIiLA0KCQkJCQkJSk9wdGlvblBhbmUuUVVFU1RJT05fTUVTU0FHRSwgbnVsbCwgIGRzbiwgIGRzblswXSk7DQoJCQkJIA0KCQkJCVN0cmluZyBpcCA9IEpPcHRpb25QYW5lLnNob3dJbnB1dERpYWxvZyhudWxsLCJFbnRlciBDbG91ZCBTZXJ2ZXIgSXAgQWRkcmVzcyIpOw0KCQkJCQ0KCQkJCVByaW50U3RyZWFtIG91dCA9IG51bGw7DQoJCQkJdHJ5IHsNCgkJCQkgICAgb3V0ID0gbmV3IFByaW50U3RyZWFtKG5ldyBGaWxlT3V0cHV0U3RyZWFtKCJPd25lclxcIitmbmFtZSkpOw0KCQkJCSAgICBvdXQucHJpbnQoY29udGVudCk7DQoJCQkJfQ0KCQkJCWZpbmFsbHkgew0KCQkJCSAgICBpZiAob3V0ICE9IG51bGwpIG91dC5jbG9zZSgpOw0KCQkJCX0NCi8vCQkJCQ0KCQkJCVN0cmluZyBxdWVyeTEgPSAiaW5zZXJ0IGludG8gT3duZXIgdmFsdWVzKCciK293bmVyKyInLCciK2ZuYW1lKyInLCciK25ld2tleSsiJywnIitrZXl3KyInLCciK2R0KyInKSI7DQoJCQkJc3RtdC5leGVjdXRlVXBkYXRlKHF1ZXJ5MSk7DQoJCQkJDQoJCQkJU29ja2V0IHNvYyA9IG5ldyBTb2NrZXQoaXAsMTIzNCk7DQoJCQkJRGF0YU91dHB1dFN0cmVhbSBkb3V0MSA9IG5ldyBEYXRhT3V0cHV0U3RyZWFtKHNvYy5nZXRPdXRwdXRTdHJlYW0oKSk7DQoJCQkJDQoJCQkJZG91dDEud3JpdGVVVEYob3duZXIpOw0KCQkJCWRvdXQxLndyaXRlVVRGKGZuYW1lKTsNCgkJCQlkb3V0MS53cml0ZVVURihuZXdrZXkpOw0KCQkJCWRvdXQxLndyaXRlVVRGKGtleXcpOw0KCQkJCWRvdXQxLndyaXRlVVRGKGNvbnRlbnQpOw0KCQkJCWRvdXQxLndyaXRlVVRGKGR0KTsNCgkJCQkNCgkJCQlEYXRhSW5wdXRTdHJlYW0gZGluMSA9IG5ldyBEYXRhSW5wdXRTdHJlYW0oc29jLmdldElucHV0U3RyZWFtKCkpOw0KCQkJCQ0KCQkJCVN0cmluZyBtc2cxID0gZGluMS5yZWFkVVRGKCk7DQoJCQkJU3lzdGVtLm91dC5wcmludGxuKG1zZzEpOw0KCQkJCQ0KCQkJCWlmKG1zZzEuZXF1YWxzSWdub3JlQ2FzZSgic3VjY2VzcyIpKQ0KCQkJCXsNCgkJCQkJSk9wdGlvblBhbmUuc2hvd01lc3NhZ2VEaWFsb2cobnVsbCwgIkZpbGUgU3RvcmVkIFN1Y2Nlc3NmdWxseSBcbiBNZXNzYWdlIEZyb20gIitrZXl3KTsNCgkJCQl9DQoJCQkJaWYobXNnMS5lcXVhbHNJZ25vcmVDYXNlKCJyZXNldCIpKQ0KCQkJCXsNCgkJCQkJU3lzdGVtLm91dC5wcmludGxuKG1zZzEpOw0KCQkJCQkNCgkJCQkJU29ja2V0IHNvY2sgPSBuZXcgU29ja2V0KGlwLDMwMDkpOw0KCQkJCQlEYXRhT3V0cHV0U3RyZWFtIGRvdXQxMSA9IG5ldyBEYXRhT3V0cHV0U3RyZWFtKHNvY2suZ2V0T3V0cHV0U3RyZWFtKCkpOw0KCQkJCQkNCgkJCQkJZG91dDExLndyaXRlVVRGKG93bmVyKTsNCgkJCQkJZG91dDExLndyaXRlVVRGKGZuYW1lKTsNCgkJCQkJZG91dDExLndyaXRlVVRGKG5ld2tleSk7DQoJCQkJCWRvdXQxMS53cml0ZVVURihrZXl3KTsNCgkJCQkJZG91dDExLndyaXRlVVRGKGNvbnRlbnQpOw0KCQkJCQlkb3V0MTEud3JpdGVVVEYoZHQpOw0KDQoJCQkJCURhdGFJbnB1dFN0cmVhbSBkaW4xMSA9IG5ldyBEYXRhSW5wdXRTdHJlYW0oc29jay5nZXRJbnB1dFN0cmVhbSgpKTsNCgkJCQkJU3RyaW5nIG1zZzExID0gZGluMTEucmVhZFVURigpOw0KCQkJCQkvL1N5c3RlbS5vdXQucHJpbnRsbihtc2cxMSk7DQoJCQkJCQ0KCQkJCQlpZihtc2cxMS5lcXVhbHNJZ25vcmVDYXNlKCJzdWNjZXNzIikpDQoJCQkJCXsNCgkJCQkJCUpPcHRpb25QYW5lLnNob3dNZXNzYWdlRGlhbG9nKG51bGwsICJGaWxlIFN0b3JlZCBTdWNjZXNzZnVsbHkgXG4gTWVzc2FnZSBGcm9tICIra2V5dyk7DQoJCQkJCX0NCgkJCQkJDQoJCQkJCQ0KCQkJCX0NCgkJCQkNCgkJCQkNCgkJCX0gY2F0Y2ggKEV4Y2VwdGlvbiBlMSkgew0KCQkJCWUxLnByaW50U3RhY2tUcmFjZSgpOw0KCQkJfQ0KCQkJDQoJCQkNCgkJfQ0KCQkJDQoJfQ0KDQoNCglwdWJsaWMgc3RhdGljIHZvaWQgbWFpbihTdHJpbmdbXSBhcmdzKSB7DQoJCQ0KCQluZXcgRGF0YU93bmVyKCJhIik7DQoJCQ0KCQl0cnkgew0KCQkJVUlNYW5hZ2VyDQoJCQkJCS5zZXRMb29rQW5kRmVlbCgiY29tLnN1bi5qYXZhLnN3aW5nLnBsYWYud2luZG93cy5XaW5kb3dzTG9va0FuZEZlZWwiKTsNCgkJfSBjYXRjaCAoRXhjZXB0aW9uIGUxKSB7DQoJCQllMS5wcmludFN0YWNrVHJhY2UoKTsNCgkJfQ0KCQlqYXZhLmF3dC5FdmVudFF1ZXVlLmludm9rZUxhdGVyKG5ldyBSdW5uYWJsZSgpIHsNCgkJCXB1YmxpYyB2b2lkIHJ1bigpIHsNCgkJCX0NCgkJfSk7DQoJfQ0KDQp9DQo=', '4781992185207dedfe2d9b4012325fceedcc07a3', '[B@103fcaa', '07/09/2021   12:03:09', '9831');
INSERT INTO `backupcloudserver` VALUES ('3', 'EndUser.java', 'Manjunath', 'cloud', 'aW1wb3J0IGphdmEuYXd0LkNvbG9yOw0KaW1wb3J0IGphdmEuYXd0LkNvbnRhaW5lcjsNCmltcG9ydCBqYXZhLmF3dC5EZXNrdG9wOw0KaW1wb3J0IGphdmEuYXd0Lk1lbnU7DQppbXBvcnQgamF2YS5hd3QuTWVudUJhcjsNCmltcG9ydCBqYXZhLmF3dC5NZW51SXRlbTsNCmltcG9ydCBqYXZhLmF3dC5ldmVudC5BY3Rpb25FdmVudDsNCmltcG9ydCBqYXZhLmF3dC5ldmVudC5BY3Rpb25MaXN0ZW5lcjsNCmltcG9ydCBqYXZhLmlvLkRhdGFJbnB1dFN0cmVhbTsNCmltcG9ydCBqYXZhLmlvLkRhdGFPdXRwdXRTdHJlYW07DQppbXBvcnQgamF2YS5pby5GaWxlOw0KaW1wb3J0IGphdmEuaW8uRmlsZU91dHB1dFN0cmVhbTsNCmltcG9ydCBqYXZhLmlvLklPRXhjZXB0aW9uOw0KaW1wb3J0IGphdmEuaW8uT2JqZWN0SW5wdXRTdHJlYW07DQppbXBvcnQgamF2YS5pby5PYmplY3RPdXRwdXRTdHJlYW07DQppbXBvcnQgamF2YS5uZXQuU2VydmVyU29ja2V0Ow0KaW1wb3J0IGphdmEubmV0LlNvY2tldDsNCmltcG9ydCBqYXZhLm5ldC5Vbmtub3duSG9zdEV4Y2VwdGlvbjsNCmltcG9ydCBqYXZhLnNxbC5Db25uZWN0aW9uOw0KaW1wb3J0IGphdmEuc3FsLkRyaXZlck1hbmFnZXI7DQppbXBvcnQgamF2YS5zcWwuUmVzdWx0U2V0Ow0KaW1wb3J0IGphdmEuc3FsLlN0YXRlbWVudDsNCmltcG9ydCBqYXZhLnRleHQuU2ltcGxlRGF0ZUZvcm1hdDsNCmltcG9ydCBqYXZhLnV0aWwuQXJyYXlMaXN0Ow0KaW1wb3J0IGphdmEudXRpbC5EYXRlOw0KaW1wb3J0IGphdmEudXRpbC5JdGVyYXRvcjsNCmltcG9ydCBqYXZhLnV0aWwuVmVjdG9yOw0KDQppbXBvcnQgamF2YXguc3dpbmcuSW1hZ2VJY29uOw0KaW1wb3J0IGphdmF4LnN3aW5nLkpCdXR0b247DQppbXBvcnQgamF2YXguc3dpbmcuSkZyYW1lOw0KaW1wb3J0IGphdmF4LnN3aW5nLkpMYWJlbDsNCmltcG9ydCBqYXZheC5zd2luZy5KT3B0aW9uUGFuZTsNCmltcG9ydCBqYXZheC5zd2luZy5KUGFuZWw7DQppbXBvcnQgamF2YXguc3dpbmcuSlNjcm9sbFBhbmU7DQppbXBvcnQgamF2YXguc3dpbmcuSlRleHRBcmVhOw0KaW1wb3J0IGphdmF4LnN3aW5nLkpUZXh0RmllbGQ7DQoNCnB1YmxpYyBjbGFzcyBFbmRVc2VyIGltcGxlbWVudHMgQWN0aW9uTGlzdGVuZXIgDQp7DQoJSkZyYW1lIGpmOw0KCUNvbnRhaW5lciBjOw0KCUpQYW5lbCBwMSxwMjsJDQoJSkxhYmVsIGwxLGwyLGwzOw0KCUpUZXh0RmllbGQgdDEsdDIsdDM7DQoJSkJ1dHRvbiBiMSxiMixiMyxiNDsNCglpbnQgcmFuazsgDQoJSkxhYmVsIG1nMSwgbWcyLCBtZzMsIG1nNCwgbWc1LCBtZzYsIG1nNywgbWc4LCBtZzksIG1nMTAsIGcxMSwgZzIyLCBnMzMsZzQ0LCBnNTUsIGc2NiwgZzc3LGw4LGw5Ow0KCUltYWdlSWNvbiBiYW5uZXI7DQoJSlRleHRBcmVhIHRhOw0KCUpTY3JvbGxQYW5lIHNwOw0KCVN0cmluZyBuYW1lOw0KCU1lbnVCYXIgbWJyOw0KCU1lbnUgZmlsZTsNCglNZW51SXRlbSAgaXRlbTIsdHJ1c3Q7DQoJU3RyaW5nIGtleXc9IiI7DQoJQFN1cHByZXNzV2FybmluZ3MoImRlcHJlY2F0aW9uIikNCglFbmRVc2VyKFN0cmluZyBuYW1lKQ0KCXsNCgkJamYgPSBuZXcgSkZyYW1lKCJFbmQgVXNlcjo6QSBOb3ZlbCBTY2hlZHVsaW5nIE1lY2hhbmlzbSBGb3IgSHlicmlkIENsb3VkIFN5c3RlbXMiKTs=', '57c6aed5d2a56ed1f9260cc78ef2f33e39447751', 'CgkJYyA9IGpmLmdldENvbnRlbnRQYW5lKCk7DQoJCWMuc2V0TGF5b3V0KG51bGwpOw0KCQljLnNldEJhY2tncm91bmQoQ29sb3IuV0hJVEUpOw0KCQkNCgkJbWJyID0gbmV3IE1lbnVCYXIoKTsNCgkJZmlsZSA9IG5ldyBNZW51KCJGaWxlIik7DQoJCWl0ZW0yID0gbmV3IE1lbnVJdGVtKCJTZWFyY2ggQ2xvdWQgRmlsZXMiKTsNCgkJaXRlbTIuYWRkQWN0aW9uTGlzdGVuZXIodGhpcyk7DQoJCQ0KCQl0cnVzdCA9IG5ldyBNZW51SXRlbSgiRmluZCBUcnVzdHdvcnRoeSBGaWxlcyIpOw0KCQl0cnVzdC5hZGRBY3Rpb25MaXN0ZW5lcih0aGlzKTsNCgkJDQoJCWZpbGUuYWRkKGl0ZW0yKTsNCgkJZmlsZS5hZGQodHJ1c3QpOw0KCQltYnIuYWRkKGZpbGUpOw0KLy8JCWpmLnNldE1lbnVCYXIobWJyKTsNCgkJDQoJCUltYWdlSWNvbiBiYW5uZXIgPSBuZXcgSW1hZ2VJY29uKHRoaXMuZ2V0Q2xhc3MoKS5nZXRSZXNvdXJjZSgiRW5kVXNlci5wbmciKSk7DQoJCUpMYWJlbCB0aXRsZSA9IG5ldyBKTGFiZWwoKTsNCgkJdGl0bGUuc2V0SWNvbihiYW5uZXIpOw0KCQl0aXRsZS5zZXRCb3VuZHMoMTAsIDAsICA2MzAsNDUwKTsNCgkJDQoJCQ0KCQlsMT1uZXcgSkxhYmVsKCJVc2VyIE5hbWUiKTsNCgkJbDEuc2V0Qm91bmRzKDUwLCA1MCwgMTAwLCAzMCk7DQoJCQ0KCQlsMj1uZXcgSkxhYmVsKCJGaWxlIE5hbWUiKTsNCgkJbDIuc2V0Qm91bmRzKDUwLCAxMTUsIDEwMCwgMzApOw0KCQkNCgkJbDM9bmV3IEpMYWJlbCgiU2VjcmV0IEtleSIpOw0KCQlsMy5zZXRCb3VuZHMoNTAsIDE3NSwgMTAwLCAzMCk7DQoJCQ0KCQlTdHJpbmcgdXNlcj1uYW1lOw0KCQl0MSA9IG5ldyBKVGV4dEZpZWxkKCk7DQoJCXQxLnNldEJvdW5kcyg1MCwgODAsIDEwMCwgMzApOw0KCQl0MS5zZXRUZXh0KHVzZXIpOw0KCQl0MS5zZXRFZGl0YWJsZShmYWxzZSk7DQoJCQ0KCQl0MiA9IG5ldyBKVGV4dEZpZWxkKCk7DQoJCXQyLnNldEJvdW5kcyg1MCwgMTQwLCAxMDAsIDMwKTsNCgkJDQoJCXQzID0gbmV3IEpUZXh0RmllbGQoKTsNCgkJdDMuc2V0Qm91bmRzKDUwLCAyMDAsIDEwMCwgMzApOw0KCQkNCgkJYjEgPSBuZXcgSkJ1dHRvbigiUmVxLVNLIik7DQoJCWIxLnNldEJvdW5kcyg1MCwgMjUwLCAxMDAsIDMwKTsNCgkJYjEuYWRkQWN0aW9uTGlzdGVuZXIodGhpcyk7DQoJCQ0KCQliMiA9IG5ldyBKQnV0dG9uKCJEb3dubG9hZCIpOw0KCQliMi5zZXRCb3VuZHMoNTAsIDMwMCwgMTAwLCAzMCk7DQoJCWIyLmFkZEFjdGlvbkxpc3RlbmVyKHRoaXMpOw0KCQkNCgkJYjMgPSBuZXcgSkJ1dHRvbigiSyBOZWFyZXN0IFNlYXJjaCIpOw0KCQliMy5zZXRCb3VuZHMoMTUwLCAzODAsIDE1MCwgMzApOw0KCQliMy5hZGRBY3Rpb25MaXN0ZW5lcih0aGlzKTsNCgkJDQoJCWI0ID0gbmV3IEpCdXR0b24oIktleXdvcmQgU2VhcmNoIik7DQoJCWI0LnNldEJvdW5kcygzNTAsIDM4MCwgMTUwLCAzMCk7DQoJCWI0LmFkZEFjdGlvbkxpc3RlbmVyKHRoaXMpOw0KCQkNCgkJdGEgPSBuZXcgSlRleHRBcmVhKCk7DQoJCXRhLnNldENvbHVtbnMoMTAwKTsNCgkJdGEuc2V0Um93cygxMDApOw0KCQkNCgkJc3AgPSBuZXcgSlNjcm9sbFBhbmUoKTsNCgkJc3Auc2V0Vmlld3BvcnRWaWV3KHRhKTsNCgkJc3Auc2V0Qm91bmRzKDI3NSwgODAsIDI0MCwgMjMwKTsNCg==', '70a4553a668edec468982f56640c8df8ce6c3b22', 'CQ0KLy8JCUltYWdlSWNvbiBiYW5uZXIgPSBuZXcgSW1hZ2VJY29uKHRoaXMuZ2V0Q2xhc3MoKS5nZXRSZXNvdXJjZSgiZW5kLnBuZyIpKTsNCi8vCQlKTGFiZWwgdGl0bGUgPSBuZXcgSkxhYmVsKCk7DQovLwkJdGl0bGUuc2V0SWNvbihiYW5uZXIpOw0KLy8JCXRpdGxlLnNldEJvdW5kcygwLCAtNzAsICA5NTAsNTcwKTsNCgkJDQoJCWMuYWRkKGwxKTsNCgkJYy5hZGQobDIpOw0KCQljLmFkZChsMyk7DQoJCWMuYWRkKHNwKTsNCgkJYy5hZGQoYjIpOw0KCQljLmFkZChiMSk7DQovLwkJYy5hZGQoYjMpOw0KLy8JCWMuYWRkKGI0KTsNCgkJDQoJCWMuYWRkKHQxKTsNCgkJYy5hZGQodDIpOw0KCQljLmFkZCh0Myk7DQoJCWMuYWRkKHRpdGxlKTsNCi8vLwkJYy5hZGQobDUpOw0KLy8JCWMuYWRkKHVzZXJuYW1lKTsNCgkJamYuc2V0U2l6ZSg2NjAsNDkwKTsNCgkJamYuc2hvdygpOw0KCQkNCgl9DQoNCg0KCXB1YmxpYyB2b2lkIGFjdGlvblBlcmZvcm1lZChBY3Rpb25FdmVudCBlMSkNCgl7DQoJCU9iamVjdCBvID0gZTEuZ2V0U291cmNlKCk7DQoJCQ0KCQkNCgkJaWYobz09YjEpDQoJCXsNCgkJCXRyeSB7DQoJCQlTdHJpbmcgZmlsZSA9dDIuZ2V0VGV4dCgpOw0KCQkJaWYoZmlsZS5lcXVhbHNJZ25vcmVDYXNlKCIiKSkNCgkJCXsNCgkJCQlKT3B0aW9uUGFuZS5zaG93TWVzc2FnZURpYWxvZyhudWxsLCAiRW50ZXIgVGhlIEZpbGUgTmFtZSIpOw0KCQkJCQ0KCQkJCQ0KCQkJfQ0KCQkJZWxzZQ0KCQkJew0KCQkJCVN0cmluZ1tdIGRzbiA9IHsgIlNlbGVjdCIsICJDUzEiLCAiQ1MyIiwgIkNTMyJ9Ow0KCQkJCQ0KCQkJCSBrZXl3ID0gKFN0cmluZykgSk9wdGlvblBhbmUuc2hvd0lucHV0RGlhbG9nKG51bGwsDQoJCQkJCQkiU2VsZWN0IENsb3VkIFNlcnZlciIsICIgQ2xvdWRTZXJ2ZXIiLA0KCQkJCQkJSk9wdGlvblBhbmUuUVVFU1RJT05fTUVTU0FHRSwgbnVsbCwgIGRzbiwgIGRzblswXSk7DQoJCQkJIA0KCQkJCSBTdHJpbmcgaXAgPSBKT3B0aW9uUGFuZS5zaG93SW5wdXREaWFsb2cobnVsbCwiRW50ZXIgRGF0YSBTZXJ2ZXIgSXAgQWRkcmVzcyIpOw0KCQkJCQkNCgkJCQkJU29ja2V0IGcgPSBuZXcgU29ja2V0KGlwLDQ3NDcpOw0KCQkJCQlEYXRhT3V0cHV0U3RyZWFtIGQgPSBuZXcgRGF0YU91dHB1dFN0cmVhbShnLmdldE91dHB1dFN0cmVhbSgpKTsNCgkJCQkJZC53cml0ZVVURihmaWxlKTsNCgkJCQkJZC53cml0ZVVURihrZXl3KTsNCgkJCQkJDQoJCQkJCQkJCQkJDQoJCQkJCURhdGFJbnB1dFN0cmVhbSBkaXMgPSBuZXcgRGF0YUlucHV0U3RyZWFtKGcuZ2V0SW5wdXRTdHJlYW0oKSk7DQoJCQkJCQ0KCQkJCQlTdHJpbmcgbXNnID0gZGlzLnJlYWRVVEYoKTsNCgkJCQkJU3RyaW5nIHNrID0gZGlzLnJlYWRVVEYoKTsNCgkJCQkJDQoJCQkJCWlmKG1zZy5lcXVhbHNJZ25vcmVDYXNlKCJrZXkiKSkNCgkJCQkJew0KCQkJCQkJSk9wdGlvblBhbmUuc2hvd01lc3NhZ2VEaWFsb2cobnVsbCwgIkdvdCBTZWNyZXQgS2V5Iik7DQoJCQkJCQl0My5zZXRUZXh0KHNrKTsNCgkJCQkJfQ0KCQkJCQllbHNlDQoJCQkJCXsNCgkJCQkJCUpPcHRpb25QYW5lLnNob3dNZXNzYWdlRGlhbG9nKG51bGwsICJGaWxlIERvZXNuJ3QgRXhpc3QiKTsNCgkJCQkJfQ0KCQkJCQkNCgkJCQl9DQoJCQkJDQoJCQl9Y2F0Yw==', '-5e4bafb97f9c6c53c37e2790a6b50489cf3d7a31', 'IChFeGNlcHRpb24gZSkgew0KCQkJCS8vIFRPRE86IGhhbmRsZSBleGNlcHRpb24NCgkJCX0NCgkJfQ0KCQlpZihvID09IGIyKQ0KCQl7DQoJCQkJCQkNCgkJCSBTdHJpbmcgdXNlciA9IHQxLmdldFRleHQoKTsNCgkJCSBTdHJpbmcgZmlsZSA9IHQyLmdldFRleHQoKTsNCgkJCSBTdHJpbmcgc2sgPSB0My5nZXRUZXh0KCk7DQoJCQkgdHJ5DQoJCQkgew0KCQkJCQlpZihmaWxlLmVxdWFsc0lnbm9yZUNhc2UoIiIpIHx8IHNrLmVxdWFsc0lnbm9yZUNhc2UoIiIpKQ0KCQkJCQl7DQoJCQkJCQlKT3B0aW9uUGFuZS5zaG93TWVzc2FnZURpYWxvZyhudWxsLCAiRW50ZXIgVGhlIEZpbGUgTmFtZSAmIFNlY3JldCBLZXkiKTsNCgkJCQkJfQ0KCQkJCQllbHNlDQoJCQkJCXsNCgkJCQkJCSBTdHJpbmcgaXAgPSBKT3B0aW9uUGFuZS5zaG93SW5wdXREaWFsb2cobnVsbCwiRW50ZXIgRGF0YSBTZXJ2ZXIgSXAgQWRkcmVzcyIpOw0KCQkJCQkJIA0KCQkJCQkJIFNvY2tldCBjbjIgPSBuZXcgU29ja2V0KGlwLDk5OTkpOw0KCQkJCQkJICBEYXRhT3V0cHV0U3RyZWFtIG9vczIgPSBuZXcgRGF0YU91dHB1dFN0cmVhbShjbjIuZ2V0T3V0cHV0U3RyZWFtKCkpOw0KCQkJCQkJICANCgkJCQkJCSAgb29zMi53cml0ZVVURih1c2VyKTsNCgkJCQkJCSAgb29zMi53cml0ZVVURihmaWxlKTsNCgkJCQkJCSAgb29zMi53cml0ZVVURihzayk7DQoJCQkJCQkgIG9vczIud3JpdGVVVEYoa2V5dyk7DQoJCQkJCQkgIA0KCQkJCQkJICBEYXRhSW5wdXRTdHJlYW0gZGluID0gbmV3IERhdGFJbnB1dFN0cmVhbShjbjIuZ2V0SW5wdXRTdHJlYW0oKSk7DQoJCQkJCQkgIA0KCQkJCQkJICBTdHJpbmcgbXNnID0gIGRpbi5yZWFkVVRGKCk7DQoJCQkJCQkgIFN0cmluZyBjb250ZW50ID0gIGRpbi5yZWFkVVRGKCk7DQoJCQkJCQkgIA0KCQkJCQkJICBpZihtc2cuZXF1YWxzSWdub3JlQ2FzZSgic3VjY2VzcyIpKQ0KCQkJCQkJCXsNCgkJCQkJCQkJdGEuc2V0VGV4dChjb250ZW50KTsNCgkJCQkJCQkJCQ0KCQkJCQkJCQlTdHJpbmcgc3RyID0gdGEuZ2V0VGV4dCgpOw0KCQkJCQkJCQlGaWxlT3V0cHV0U3RyZWFtIGZvcyA9IG5ldyBGaWxlT3V0cHV0U3RyZWFtKCJFbmRVc2VyLyIrIGZpbGUpOw0KCQkJCQkJCQlmb3Mud3JpdGUoc3RyLmdldEJ5dGVzKCkpOw0KCQkJCQkJCQlTeXN0ZW0ub3V0LnByaW50bG4oIlJlY2VpdmVkIFN1Y2Nlc3NmdWxseSIpOw0KCQkJCQkJCQkJICANCgkJCQkJCQkJIEpPcHRpb25QYW5lLnNob3dNZXNzYWdlRGlhbG9nKG51bGwsICJGaWxlIERvd25sb2FkZWQgU3VjY2Vzc2Z1bGx5Iik7DQoJCQkJCQkJfQ0KCQkJCQkJICBpZihtc2cuZXF1YWxzSWdub3JlQ2FzZSgiZmFpbHVyZSIpKQ0KCQkJCQkJCXsNCgkJCQkJCQkJSk9wdGlvblBhbmUuc2hvd01lc3NhZ2VEaWFsb2cobnVsbCwgIkZpbGUgTmFtZSAvIFNlcmV0IEtleSBNaXNtYXRjaCBcbiBZb3UgQXJlIEFuIEF0dGFja2VyIik7DQoJCQkJCQkJfSANCgkJCQkJfSAgDQoJCQkJICANCgkJCSB9Y2F0Y2goRXhjZXB0aW9uIGUyKQ0KCQkJIHsNCgkJCQkgZTIucHJpbnRTdGFja1RyYWNlKCk7DQoJCQkgfQ0KCQl9DQoJCQkJDQoJCX0NCglwdWJsaWMgc3RhdGljIHZvaWQgbWFpbihTdHJpbmdbXSBhcmdzKSB7DQoJDQoJCW5ldyBFbmRVc2VyKCJhIik7DQoJfQ0KfQ==', '58da54c74f0a61d18c667765076f8fc510aa9e94', '[B@1dae160', '07/09/2021   12:03:39', '6584');
INSERT INTO `backupcloudserver` VALUES ('4', 'Cloud.txt', 'Roja', 'cloud', 'Q2xvdWQgY29tcHV0aW5nIGlzIGFuIGluZm9ybWF0aW9uIHRlY2hub2xvZ3kgKElUKSBwYXJhZGlnbSB0aGF0IGVuYWJsZXMgdWJpcXVpdG91cyBhY2Nlc3MgdG8g', '5f38b85a523fca7611f503bb119f312731c5d745', 'aGFyZWQgcG9vbHMgb2YgY29uZmlndXJhYmxlIHN5c3RlbSByZXNvdXJjZXMgYW5kIGhpZ2hlci1sZXZlbCBzZXJ2aWNlcyB0aGF0IGNhbiBiZSByYXBpZGx5IHA=', '-6542b1e859f2915919097cfcc5e288364a3c42c1', 'b3Zpc2lvbmVkIHdpdGggbWluaW1hbCBtYW5hZ2VtZW50IGVmZm9ydCwgb2Z0ZW4gb3ZlciB0aGUgSW50ZXJuZXQuIENsb3VkIGNvbXB1dGluZyBUZWNobmlxdWU=', '4f1e01fbcf92301fcd33ae65c0a8cf34245b5c10', 'cmVsaWVzIG9uIHNoYXJpbmcgb2YgcmVzb3VyY2VzIHRvIGFjaGlldmUgY29oZXJlbmNlIGFuZCBlY29ub215IG9mIHNjYWxlLCBzaW1pbGFyIHRvIGEgdXRpbGl0eS4=', '2456cf8104ea5c4c0610bba9288655e7cfa05e20', '[B@14f79cb', '30/09/2021   17:49:31', '375');
INSERT INTO `cloud` VALUES ('cloud', 'cloud');
INSERT INTO `cloudserver` VALUES ('27', 'CloudServer.java', 'Kaviraj', 'cloud', 'aW1wb3J0IGphdmEuYXd0Lio7DQppbXBvcnQgamF2YS5hd3QuZXZlbnQuQWN0aW9uRXZlbnQ7DQppbXBvcnQgamF2YS5hd3QuZXZlbnQuQWN0aW9uTGlzdGVuZXI7DQppbXBvcnQgamF2YS5pby5CdWZmZXJlZElucHV0U3RyZWFtOw0KaW1wb3J0IGphdmEuaW8uQnVmZmVyZWRPdXRwdXRTdHJlYW07DQppbXBvcnQgamF2YS5pby5CdWZmZXJlZFJlYWRlcjsNCmltcG9ydCBqYXZhLmlvLkRhdGFJbnB1dFN0cmVhbTsNCmltcG9ydCBqYXZhLmlvLkRhdGFPdXRwdXRTdHJlYW07DQppbXBvcnQgamF2YS5pby5GaWxlOw0KaW1wb3J0IGphdmEuaW8uRmlsZUlucHV0U3RyZWFtOw0KaW1wb3J0IGphdmEuaW8uRmlsZU91dHB1dFN0cmVhbTsNCmltcG9ydCBqYXZhLmlvLk9iamVjdElucHV0U3RyZWFtOw0KaW1wb3J0IGphdmEuaW8uT2JqZWN0T3V0cHV0U3RyZWFtOw0KaW1wb3J0IGphdmEuaW8uUHJpbnRTdHJlYW07DQppbXBvcnQgamF2YS5tYXRoLkJpZ0ludGVnZXI7DQppbXBvcnQgamF2YS5uZXQuU2VydmVyU29ja2V0Ow0KaW1wb3J0IGphdmEubmV0LlNvY2tldDsNCmltcG9ydCBqYXZhLnNlY3VyaXR5LkRpZ2VzdElucHV0U3RyZWFtOw0KaW1wb3J0IGphdmEuc2VjdXJpdHkuTWVzc2FnZURpZ2VzdDsNCmltcG9ydCBqYXZhLnNxbC5Db25uZWN0aW9uOw0KaW1wb3J0IGphdmEuc3FsLkRyaXZlck1hbmFnZXI7DQppbXBvcnQgamF2YS5zcWwuUmVzdWx0U2V0Ow0KaW1wb3J0IGphdmEuc3FsLlJlc3VsdFNldE1ldGFEYXRhOw0KaW1wb3J0IGphdmEuc3FsLlN0YXRlbWVudDsNCmltcG9ydCBqYXZhLnRleHQuU2ltcGxlRGF0ZUZvcm1hdDsNCmltcG9ydCBqYXZhLnV0aWwuRGF0ZTsNCmltcG9ydCBqYXZhLnV0aWwuVmVjdG9yOw0KDQppbXBvcnQgamF2YXguc3dpbmcuKjsNCg0KDQpwdWJsaWMgY2xhc3MgQ2xvdWRzZXJ2ZXIxIGV4dGVuZHMgSkZyYW1lIGltcGxlbWVudHMgQWN0aW9uTGlzdGVuZXINCnsNCg0KCUpQYW5lbCBwMTsNCglKTGFiZWwgY3MxOw0KCUltYWdlSWNvbiBjMTsNCgkNCglKQnV0dG9uIGIxLGIyLGIzOw0KCQ0KCU1lbnVCYXIgbWJyOw0KCU1lbnUgZmlsZTsNCglNZW51SXRlbSAgaXRlbTEsYXNzaWduLGl0ZW0yOw0KCQ0KCUpUYWJsZSB0YWJsZTsNCglpbnQgdixoOw0KCVN0cmluZyBzLGQsY2FsbDsNCglKU2Nyb2xsUGFuZSBwYW5lOw0KCQ0KCVZlY3RvciBoZWFkaW5nLGRhdGE7DQoJDQoJSkxhYmVsIHRpdGxlOw0KCUltYWdlSWNvbiBjMTE7DQoJDQoJQ29udGFpbmVyIGM7DQoJSkZyYW1lIGpmOw0KCQ0KCUNsb3Vkc2VydmVyMSgpDQoJew0KCQlqZiA9IG5ldyBKRnJhbWUoIkNsb3VkIFNlcnZlciAxIDo6QSBOb3ZlbCBTY2hlZHVsaW5nIE1lY2hhbmlzbSBGb3IgSHlicmlkIENsb3VkIFN5c3RlbXMiKTsNCgkJYyA9IGpmLmdldENvbnRlbnRQYW5lKCk7DQoJCWMuc2V0TGF5b3V0KG51bGwpOw0KCQljLnNldEJhY2tncm91bmQobmV3IENvbG9yKDQxLDE3MCwxMDApKTsNCgkJDQoJCW1iciA9IG5ldyBNZW51QmFyKCk7DQoJCWZpbGUgPSBuZXcgTWVudSgiVklFVyIpOw0KCQkNCgkJaXRlbTEgPSBuZXcgTWVudUl0ZW0oIlZpZXcgVHJhbnNhY3Rpb24iKTsNCgkJYXNzaWduPSBuZXcgTWVudUl0ZW0oIlZpcnR1YWwgTWVtb3J5Iik7DQoJCWl0ZW0yID0gbmV3IE1lbnVJdGVtKCJEYXRhIE93bmVyIERldGFpbHMiKTsNCgkJDQoJCWl0ZW0xLmFkZEFjdGlvbkxpc3RlbmVyKHRoaXMpOw0KCQlhc3NpZ24uYWRkQWN0aW9uTGlzdGVuZXIodGhpcyk7DQoJCWl0ZW0yLmFkZEFjdGlvbkxpc3RlbmVyKHRoaXMpOw0KCQkNCgkJZmlsZS5hZGQoaXRlbTEpOw0KLy8JCWZpbGUuYWRkKGFzc2lnbik7DQovLwkJZmlsZS5hZGQoaXRlbTIpOw0KCQkNCgkJbWJyLmFkZChmaWxlKTsNCgkJamYuc2V0TWVudUJhcihtYnIpOw0KDQoJCQ0KCQliMT1uZXcgSkJ1dHRvbigiVmlldyBGaWxlcyIpOw0KCQliMS5zZXRCb3VuZHMoNjAsMzAwLDE1MCwzMCk7DQoJCWIxLmFkZEFjdGlvbkxpc3RlbmVyKHRoaXMpOw0KCQliMj1uZXcgSkJ1dHRvbigiVmlldyBBdHRhY2tlcnMiKTsNCgkJYjIuc2V0Qm91bmRzKDI0MCwzMDAsMTUwLDMwKTsNCgkJYjIuYWRkQWN0aW9uTGlzdGVuZXIodGhpcyk7DQoJCWIzPW5ldyBKQnV0dG9uKCJWaWV3IFBhcnRpdGlvbiIpOw0KCQliMy5zZXRCb3VuZHMoNDEwLDMwMCwxNTAsMzApOw0KCQliMy5hZGRBY3Rpb25MaXN0ZW5lcih0aGlzKTsNCgkJYy5hZGQoYjEpOw0KCQljLmFkZChiMik7DQoJCWMuYWRkKGIzKTsNCg0KCQkgICAgICAgICANCgkJDQoJCS8vcDEuYWRkKGNzMSk7DQovLwkJcDEuYWRkKHRpdGxlKTsNCgkJIGMuYWRkKGIxKTsNCgkJIA0KCQkgamYuc2V0Qm91bmRzKDAsIDAsIDY4MAksNDAwKTsNCgkJCWpmLnNob3coKTsNCgkJLy9hZGQocDEpOw0KCQkvL3NldFNpemUoNjgwLDQwMCk7DQoJCS8vc2V0VmlzaWJsZSh0cnVlKTsNCgkJDQoJCWludFtdIHBvcnRzID0gbmV3IGludFtdDQoJCQkgICAgICAgICAgICAgIAkJeyAxMTExLDQ2NDYsOTk4OCwxNDQ0fTsNCg0KCQkJICAgICAgICAgICAgICAJCWZvciAoaW50IGkgPSAwOyBpIDwgNDsgaSsrKQ0KCQkJICAgICAgICAgICAgICAJCXsNCgkJCSAgICAgICAgICAgICAgCQkJVGhyZWFkIHQgPSBuZXcgVGhyZWFkKG5ldyBQb3J0TGlzdGVuZXIocG9ydHNbaV0pKTsNCgkJCSAgICAgICAgICAgICAgCQkJdC5zZXROYW1lKCJMaXN0ZW5lci0iICsgcG9ydHNbaV0pOw0KCQkJICAgICAgICAgICAgICAJCQl0LnN0YXJ0KCk7DQoNCgkJCSAgICAgICAgICAgICAgCQl9DQoJfQ0KCQ0KCXB1YmxpYyB2b2lkIGFjdGlvblBlcmZvcm1lZChBY3Rpb25FdmVudCBhMSkNCgl7DQoJCWlmKGExLmdldFNvdXJjZSgpPT1iMSkNCgkJew0KCQkJdHJ5DQoJCQl7DQoJCQlEYmNvbiBkYj1uZXcgRGJjb24oKTsNCgkJCUNvbm5lY3Rpb24gY29ubmVjdD1kYi5nZXRDb25uZWN0aW9uKCk7DQogICAgICAgICAgICBTdGF0ZW1lbnQgc3RtdCA9IGNvbm5lY3QuY3JlYXRlU3RhdGVtZW50KCk7DQogICAgICAgICAgICANCiAgICAgICAgICAgIGhlYWRpbmcgPSBuZXcgVmVjdG9yKCk7DQogICAJCSANCiAgIAkJIGhlYWRpbmcuYWRkRWxlbWVudCgiT3duZXIgTmFtZSIpOw0KICAgCQkgaGVhZGluZy5hZGRFbGVtZW50KCJGaWxlIE5hbWUiKTsNCiAgIAkJIGhlYWRpbmcuYWRkRWxlbWVudCgiU2VjcmV0IEtleSIpOw0KICAgCQloZWFkaW5nLmFkZEVsZW1lbnQoIkRhdGUiKTsNCiAgICAgICAgICAgIGRhdGE9bmV3IFZlY3RvcigpOw0KCSAgICAgCSAgDQogICAgICAgICAgICBTdHJpbmcgcXVlcnkgPSAiU0VMRUNUICogRlJPTSBDbG91ZFNlcnZlcjEiOw0KICAgICAgICAgICAgUmVzdWx0U2V0IHJzID0gc3RtdC5leGVjdXRlUXVlcnkocXVlcnkpOw0KICAgICAgICAgICAgUmVzdWx0U2V0TWV0YURhdGEgcnNtPXJzLmdldE1ldGFEYXRhKCk7DQogICAgICAgICAgICBpbnQgY29sPXJzbS5nZXRDb2x1bW5Db3Vu', '-2214a9b093f16120cc03a42652fdd8f73ef36e6b', 'KCk7DQoNCiAgICAgICAgICAgIHdoaWxlKHJzLm5leHQoKSkNCiAgICAgICAgICAgIHsNCiAgICAgICAgCSAgIFZlY3RvciByb3cgPSBuZXcgVmVjdG9yKCk7DQogICAgICAgIAkgICBmb3IoaW50IGkgPSAxOyBpIDw9Y29sOyBpKyspDQogICAgICAgIAkgICB7DQogICAgICAgICAgICAgICByb3cuYWRkRWxlbWVudChycy5nZXRPYmplY3QoaSkpOw0KDQogICAgICAgIAkgICB9DQoNCiAgICAgICAgCSAgIGRhdGEuYWRkRWxlbWVudChyb3cpOw0KICAgICAgICAgICAgfQ0KCQkgIA0KICAgICAgICAgICB0YWJsZSA9IG5ldyBKVGFibGUoZGF0YSxoZWFkaW5nKTsNCgkJICANCiAgICAgICAgICAgcGFuZSA9IG5ldyBKU2Nyb2xsUGFuZSh0YWJsZSk7DQoJCSANCiAgICAgICAgICAgcGFuZS5zZXRCb3VuZHMoMzAsNTAsNjAwLDIwMCk7DQogICAgICAgICAgIGMuYWRkKHBhbmUpOw0KCQkgDQoJCQl9IGNhdGNoKEV4Y2VwdGlvbiBleCkge2V4LnByaW50U3RhY2tUcmFjZSgpO30NCgkJfQ0KCQkNCgkJaWYoYTEuZ2V0U291cmNlKCk9PWIyKQ0KCQl7DQoJCQl0cnkNCgkJCXsNCgkJCURiY29uIGRiPW5ldyBEYmNvbigpOw0KCQkJQ29ubmVjdGlvbiBjb25uZWN0PWRiLmdldENvbm5lY3Rpb24oKTsNCiAgICAgICAgICAgIFN0YXRlbWVudCBzdG10ID0gY29ubmVjdC5jcmVhdGVTdGF0ZW1lbnQoKTsNCiAgICAgICAgICAgIA0KICAgICAgICAgICAgaGVhZGluZyA9IG5ldyBWZWN0b3IoKTsNCiAgIAkJIA0KICAgCQkgaGVhZGluZy5hZGRFbGVtZW50KCJVc2VyIE5hbWUiKTsNCiAgIAkJIGhlYWRpbmcuYWRkRWxlbWVudCgiRmlsZSBOYW1lIik7DQogICAJCSBoZWFkaW5nLmFkZEVsZW1lbnQoIlNlY3JldCBLZXkiKTsNCiAgIAkJaGVhZGluZy5hZGRFbGVtZW50KCJEYXRlIik7DQogICAgICAgICAgICBkYXRhPW5ldyBWZWN0b3IoKTsNCgkgICAgIAkgIA0KICAgICAgICAgICAgU3RyaW5nIHF1ZXJ5ID0gIlNFTEVDVCAqIEZST00gQXR0YWNrZXIiOw0KICAgICAgICAgICAgUmVzdWx0U2V0IHJzID0gc3RtdC5leGVjdXRlUXVlcnkocXVlcnkpOw0KICAgICAgICAgICAgUmVzdWx0U2V0TWV0YURhdGEgcnNtPXJzLmdldE1ldGFEYXRhKCk7DQogICAgICAgICAgICBpbnQgY29sPXJzbS5nZXRDb2x1bW5Db3VudCgpOw0KDQogICAgICAgICAgICB3aGlsZShycy5uZXh0KCkpDQogICAgICAgICAgICB7DQogICAgICAgIAkgICBWZWN0b3Igcm93ID0gbmV3IFZlY3RvcigpOw0KICAgICAgICAJICAgZm9yKGludCBpID0gMTsgaSA8PWNvbDsgaSsrKQ0KICAgICAgICAJICAgew0KICAgICAgICAgICAgICAgcm93LmFkZEVsZW1lbnQocnMuZ2V0T2JqZWN0KGkpKTsNCg0KICAgICAgICAJICAgfQ0KDQogICAgICAgIAkgICBkYXRhLmFkZEVsZW1lbnQocm93KTsNCiAgICAgICAgICAgIH0NCgkJICANCiAgICAgICAgICAgdGFibGUgPSBuZXcgSlRhYmxlKGRhdGEsaGVhZGluZyk7DQoJCSAgDQogICAgICAgICAgIHBhbmUgPSBuZXcgSlNjcm9sbFBhbmUodGFibGUpOw0KCQkgDQogICAgICAgICAgIHBhbmUuc2V0Qm91bmRzKDMwLDUwLDYwMCwyMDApOw0KICAgICAgICAgICBjLmFkZChwYW5lKTsNCgkJIA0KCQkJfSBjYXRjaChFeGNlcHRpb24gZXgpIHtleC5wcmludFN0YWNrVHJhY2UoKTt9DQoJCX0NCgkJaWYoYTEuZ2V0U291cmNlKCk9PWIzKQ0KCQl7DQoJCQl0cnkNCgkJCXsNCgkJCQkgU3RyaW5nIGlwID0gSk9wdGlvblBhbmUuc2hvd0lucHV0RGlhbG9nKG51bGwsICJFbnRlciBUaGUgSVAgQWRkcmVzcyBvZiBMb2FkIEJhbGFuY2VyIik7DQoJCQkJCQ0KCQkJCVNvY2tldCBzdG09bmV3IFNvY2tldChpcCwzNTU1KTsNCgkJCQlPYmplY3RPdXRwdXRTdHJlYW0gZG9zMz1uZXcgT2JqZWN0T3V0cHV0U3RyZWFtKHN0bS5nZXRPdXRwdXRTdHJlYW0oKSk7IA0KCQkJCWRvczMud3JpdGVPYmplY3QoIlBhcnRpdGlvbjEiKTsgDQoJCQkJCQ0KCQkJCU9iamVjdElucHV0U3RyZWFtIGlucz1uZXcgT2JqZWN0SW5wdXRTdHJlYW0oc3RtLmdldElucHV0U3RyZWFtKCkpOw0KCQkJCVZlY3RvciBhMTE9KFZlY3RvcikgaW5zLnJlYWRPYmplY3QoKTsNCgkJCQlTeXN0ZW0ub3V0LnByaW50bG4oYTExKTsNCgkJCQkJDQoJCQkJVmlld1BhcnRpdGlvbiB2ID0gbmV3IFZpZXdQYXJ0aXRpb24oYTExKTsNCgkJCQl2LnNldFNpemUoNTgwLDQwMCk7DQoJCQkJdi5zZXRWaXNpYmxlKHRydWUpOw0KCQkJCQkNCgkJCX1jYXRjaCAoRXhjZXB0aW9uIGUpIHsNCgkJCQkvLyBUT0RPOiBoYW5kbGUgZXhjZXB0aW9uDQoJCQl9DQoJCX0NCgkJCQ0KCQkJaWYoYTEuZ2V0U291cmNlKCk9PWFzc2lnbikNCgkJCXsNCgkJCQl0cnkNCgkJCQl7DQoJCQkJCURiY29uIGRiPW5ldyBEYmNvbigpOw0KCQkJCQlDb25uZWN0aW9uIGNvbm5lY3Q9ZGIuZ2V0Q29ubmVjdGlvbigpOw0KCQkgICAgICAgICAgICBTdGF0ZW1lbnQgc3RtdCA9IGNvbm5lY3QuY3JlYXRlU3RhdGVtZW50KCk7DQoJCSAgICAgICAgICAgIA0KCQkgICAgICAgICAgICBoZWFkaW5nID0gbmV3IFZlY3RvcigpOw0KCQkgICAJCSANCgkJICAgCQkgaGVhZGluZy5hZGRFbGVtZW50KCJNZW1vcnkiKTsNCgkJICAgICAgICAgICAgZGF0YT1uZXcgVmVjdG9yKCk7DQoJCQkgICAgIAkgIA0KCQkgICAgICAgICAgICBTdHJpbmcgcXVlcnkgPSAiU0VMRUNUICogRlJPTSBWTTEiOw0KCQkgICAgICAgICAgICBSZXN1bHRTZXQgcnMgPSBzdG10LmV4ZWN1dGVRdWVyeShxdWVyeSk7DQoJCSAgICAgICAgICAgIFJlc3VsdFNldE1ldGFEYXRhIHJzbT1ycy5nZXRNZXRhRGF0YSgpOw0KCQkgICAgICAgICAgICBpbnQgY29sPXJzbS5nZXRDb2x1bW5Db3VudCgpOw0KDQoJCSAgICAgICAgICAgIHdoaWxlKHJzLm5leHQoKSkNCgkJICAgICAgICAgICAgew0KCQkgICAgICAgIAkgICBWZWN0b3Igcm93ID0gbmV3IFZlY3RvcigpOw0KCQkgICAgICAgIAkgICBmb3IoaW50IGkgPSAxOyBpIDw9Y29sOyBpKyspDQoJCSAgICAgICAgCSAgIHsNCgkJICAgICAgICAgICAgICAgcm93LmFkZEVsZW1lbnQocnMuZ2V0T2JqZWN0KGkpKTsNCg0KCQkgICAgICAgIAkgICB9DQoNCgkJICAgICAgICAJICAgZGF0YS5hZGRFbGVtZW50KHJvdyk7DQoJCSAgICAgICAgICAgIH0NCgkJCQkgIA0KCQkgICAgICAgICAgIHRhYmxlID0gbmV3IEpUYWJsZShkYXRhLGhlYWRpbmcpOw0KCQkJCSAgDQoJCSAgICAgICAgICAgcGFuZSA9IG5ldyBKU2Nyb2xsUGFuZSh0YWJsZSk7DQoJCQkJIA0KCQkgICAgICAgICAgIHBhbmUuc2V0Qm91bmRzKDMwLDUwLDYwMCwyMDApOw0KCQkgICAgICAgICAgIGMuYWRkKHBhbmUpOw0KCQkJCSANCgkJCQkJfWNhdGNoIChFeGNlcHRpb24gZSkgew0KCQkJCQkvLyBUT0RPOiBoYW5kbGUgZXhjZXB0aW9uDQoJCQkJfQ0KCQkJfQkNCgkJCWlmKGExLmdldFNvdXJjZSgpPT1pdGVtMikNCgkJCXt9CQ0KCQlpZihhMS5nZXRTb3VyY2UoKT09aXRlbTEpDQoJCXs=', '52fff0b87f94169c77ddfac67d9fdb4b541335d7', 'CgkJCXRyeQ0KCQkJew0KCQkJCSBTdHJpbmcgaXAgPSBKT3B0aW9uUGFuZS5zaG93SW5wdXREaWFsb2cobnVsbCwgIkVudGVyIFRoZSBJUCBBZGRyZXNzIG9mIExvYWQgQmFsYW5jZXIiKTsNCgkJCQkJDQoJCQkJCVNvY2tldCBzdG09bmV3IFNvY2tldChpcCw0NDU1KTsNCgkJCQkJT2JqZWN0T3V0cHV0U3RyZWFtIGRvczM9bmV3IE9iamVjdE91dHB1dFN0cmVhbShzdG0uZ2V0T3V0cHV0U3RyZWFtKCkpOyANCgkJCQkJZG9zMy53cml0ZU9iamVjdCgiQ1MxIik7IA0KCQkJCQkJDQoJCQkJCU9iamVjdElucHV0U3RyZWFtIGlucz1uZXcgT2JqZWN0SW5wdXRTdHJlYW0oc3RtLmdldElucHV0U3RyZWFtKCkpOw0KCQkJCQlWZWN0b3IgYTExPShWZWN0b3IpIGlucy5yZWFkT2JqZWN0KCk7DQoJCQkJCVN5c3RlbS5vdXQucHJpbnRsbihhMTEpOw0KCQkJCQkJDQoJCQkJCVZpZXdQYXJ0aXRpb25UcmFuc2FjdGlvbiB2ID0gbmV3IFZpZXdQYXJ0aXRpb25UcmFuc2FjdGlvbihhMTEpOw0KCQkJCQl2LnNldFNpemUoNTgwLDQwMCk7DQoJCQkJCXYuc2V0VmlzaWJsZSh0cnVlKTsNCgkJCQkJCQ0KCQkJCX1jYXRjaCAoRXhjZXB0aW9uIGUpIHsNCgkJCQkvLyBUT0RPOiBoYW5kbGUgZXhjZXB0aW9uDQoJCQl9DQoJCX0NCgkNCgl9DQoJDQoJDQoJY2xhc3MgUG9ydExpc3RlbmVyIGltcGxlbWVudHMgUnVubmFibGUNCgl7DQoNCgkJQnVmZmVyZWRPdXRwdXRTdHJlYW0gYm9zID0gbnVsbDsNCgkJU2VydmVyU29ja2V0IHNzMSwgc3MyOw0KCQlTb2NrZXQgczEsIHMyOw0KCQlTZXJ2ZXJTb2NrZXQgc2VydmVyLCBzZXJ2ZXIxLHNlcnZlcjIsc2VydmVyMzsNCgkJU29ja2V0IGNvbm5lY3Rpb24sIHNvOw0KCQlCdWZmZXJlZFJlYWRlciBiciA9IG51bGw7DQoJCWludCBwb3J0Ow0KDQoJCXB1YmxpYyBQb3J0TGlzdGVuZXIoaW50IHBvcnQpDQoJCXsNCgkJCXRoaXMucG9ydCA9IHBvcnQ7DQoJCX0NCg0KCQlwdWJsaWMgdm9pZCBydW4oKQ0KCQl7DQoJCQlEYmNvbiBkb25lPW5ldyBEYmNvbigpOw0KCQkJQ29ubmVjdGlvbiBjb25uZWN0ID0gZG9uZS5nZXRDb25uZWN0aW9uKCk7DQoJCQkNCgkJCWlmKHRoaXMucG9ydD09MTExMSkNCgkJCXsNCgkJCQkNCgkJCQkNCgkJCQlTdHJpbmcgbWFjPW51bGw7DQoJCQkJdHJ5DQoJCQkJew0KCQkJCQkNCgkJCQkJU2VydmVyU29ja2V0IHNlcnZlcjEgPSBuZXcgU2VydmVyU29ja2V0KDExMTEpOw0KCSAgICAgICAgICAgICAgICBTb2NrZXQgY29uNTsNCgkJCQkJd2hpbGUgKHRydWUpIA0KCQkJCQl7DQoJCQkJCQljb241ID0gc2VydmVyMS5hY2NlcHQoKTsNCgkJCQkJCURhdGFJbnB1dFN0cmVhbSBkaW4gPSBuZXcgRGF0YUlucHV0U3RyZWFtKGNvbjUuZ2V0SW5wdXRTdHJlYW0oKSk7DQoJCQkJCQkNCgkJCQkJCVN0cmluZyBvd25lciA9IGRpbi5yZWFkVVRGKCk7DQoJCQkJCQlTdHJpbmcgZm5hbWUgPSBkaW4ucmVhZFVURigpOw0KCQkJCQkJU3RyaW5nIHNrID0gZGluLnJlYWRVVEYoKTsNCgkJCQkJCVN0cmluZyBjb250ZW50ID0gZGluLnJlYWRVVEYoKTsNCgkJCQkJCVN0cmluZyBkdCA9IGRpbi5yZWFkVVRGKCk7DQoJCQkJCQkNCgkJCQkJCVByaW50U3RyZWFtIG91dDEgPSBudWxsOw0KCQkJCQkJdHJ5IHsNCgkJCQkJCQkgICBvdXQxID0gbmV3IFByaW50U3RyZWFtKG5ldyBGaWxlT3V0cHV0U3RyZWFtKCJDbG91ZFNlcnZlcjFcXCIrZm5hbWUpKTsNCgkJCQkJCQkgICBvdXQxLnByaW50KGNvbnRlbnQpOw0KCQkJCQkJCSAgICANCgkJCQkJCQl9DQoJCQkJCQkJZmluYWxseSB7DQoJCQkJCQkJICAgIGlmIChvdXQxICE9IG51bGwpIG91dDEuY2xvc2UoKTsNCgkJCQkJCQl9DQoJCQkJCQkJDQoJCQkJCQkJU3RhdGVtZW50IHN0bXQgPSBjb25uZWN0LmNyZWF0ZVN0YXRlbWVudCgpOw0KCQkJCQkJDQoJCQkJCQkJU3RyaW5nIHF1ZXJ5MSA9ICJpbnNlcnQgaW50byBDbG91ZFNlcnZlcjEgdmFsdWVzKCciK293bmVyKyInLCciK2ZuYW1lKyInLCciKyBzaysiJywnIitkdCsiJykiOw0KCQkJCQkJCXN0bXQuZXhlY3V0ZVVwZGF0ZShxdWVyeTEpOw0KCQkJCQkJCQ0KCQkJCQkJCVN0cmluZyB0YXNrPSJVcGxvYWQiOw0KCQkJCQkJCVN0cmluZyBjbG91ZD0iQ1MxIjsNCgkJCQkJCQljb25uZWN0LmNyZWF0ZVN0YXRlbWVudCgpLmV4ZWN1dGVVcGRhdGUoImluc2VydCBpbnRvIHRyYW5zYWN0aW9uIHZhbHVlcyAoJyIrb3duZXIrIicsJyIrZm5hbWUrIicsJyIrdGFzaysiJywnIitjbG91ZCsiJywnIitkdCsiJykiKTsNCgkJCQkJCQkNCgkJCQkJCQkNCgkJCQkJCQlEYXRhT3V0cHV0U3RyZWFtIGRvczM9bmV3IERhdGFPdXRwdXRTdHJlYW0oY29uNS5nZXRPdXRwdXRTdHJlYW0oKSk7DQoJCQkJCQkJZG9zMy53cml0ZVVURigic3VjY2VzcyIpOw0KCQkJCQkJCQ0KCQkJCQl9DQoJCQkJfWNhdGNoKEV4Y2VwdGlvbiBlcyl7U3lzdGVtLm91dC5wcmludGxuKGVzKTt9DQoJCQl9DQoJCQkNCgkJCWlmICh0aGlzLnBvcnQgPT0gNDY0NikNCgkJCXsNCgkJCQl0cnkNCgkJCQl7DQoJCQkJCVNlcnZlclNvY2tldCBzZXJ2ZXI5MDkgPSBuZXcgU2VydmVyU29ja2V0KDQ2NDYpOw0KCQkJCQlTb2NrZXQgY29uNzc3Ow0KDQoJCQkJCXdoaWxlICh0cnVlKSANCgkJCQkJew0KCQkJCQkJDQoJCQkJCWNvbjc3NyA9IHNlcnZlcjkwOS5hY2NlcHQoKTsNCgkJCQkJDQoJCQkJCURhdGFJbnB1dFN0cmVhbSBkaXMgPSBuZXcgRGF0YUlucHV0U3RyZWFtKGNvbjc3Ny5nZXRJbnB1dFN0cmVhbSgpKTsNCgkJCQkJU3RyaW5nIGZpbGUJPSBkaXMucmVhZFVURigpOw0KCQkJCQkNCgkJCQkJUmVzdWx0U2V0IHIxPWNvbm5lY3QuY3JlYXRlU3RhdGVtZW50KCkuZXhlY3V0ZVF1ZXJ5KCJzZWxlY3QgKiBmcm9tIENsb3VkU2VydmVyMSB3aGVyZSBmbmFtZT0nIitmaWxlKyInIik7DQoJCQkJCQ0KCQkJCQlpZihyMS5uZXh0KCk9PXRydWUpDQoJCQkJCXsNCgkJCQkJCVN0cmluZyBrPSByMS5nZXRTdHJpbmcoInNrIik7DQoJCQkJCQkNCgkJCQkJCURhdGFPdXRwdXRTdHJlYW0gZG9zMSA9IG5ldyBEYXRhT3V0cHV0U3RyZWFtKGNvbjc3Ny5nZXRPdXRwdXRTdHJlYW0oKSk7DQoJCQkJCQkNCgkJCQkJCWRvczEud3JpdGVVVEYoImtleSIpOw0KCQkJCQkJZG9zMS53cml0ZVVURihrKTsNCgkJCQkJCQkNCgkJCQkJfQ0KCQkJCQlpZihyMS5uZXh0KCk9PWZhbHNlKQ0KCQkJCQl7DQoJCQkJCQlEYXRhT3V0cHV0U3RyZWFtIGRvczEgPSBuZXcgRGF0YU91dHB1dFN0cmVhbShjb243NzcuZ2V0T3V0cHV0U3RyZWFtKCkpOw0KCQkJCQkJZG9zMS53cml0ZVVURigibm8iKTsNCgkJCQkJCWRvczEud3JpdGVVVEYoIm5vIik7DQoJCQkJCQkJDQoJCQkJCX0NCgkJCQkJDQoJCQkJCX0NCgkJCQkJDQoJCQkJCX1jYXRjaCAoRXhjZXB0aW9uIGUpIHsNCgkJCQkJDQoJCQkJfQ0KCQkJDQoJCQl9DQoJCQkNCgkJCWlmICh0aGlzLnBvcnQgPT0gOTk4OCkNCgkJCXsNCgkJCQl0cnkNCgkJCQl7DQo=', '-2f0527683da84443c1c6afb47a7ff0951911f00e', 'CQkJCVNlcnZlclNvY2tldCBzZXJ2ZXI5MDkgPSBuZXcgU2VydmVyU29ja2V0KDk5ODgpOw0KCQkJCQlTb2NrZXQgY29uNzc3Ow0KDQoJCQkJCXdoaWxlICh0cnVlKSANCgkJCQkJew0KCQkJCQkJDQoJCQkJCWNvbjc3NyA9IHNlcnZlcjkwOS5hY2NlcHQoKTsNCgkJCQkJDQoJCQkJCURhdGFJbnB1dFN0cmVhbSBkaXMgPSBuZXcgRGF0YUlucHV0U3RyZWFtKGNvbjc3Ny5nZXRJbnB1dFN0cmVhbSgpKTsNCgkJCQkJU3RyaW5nIHVzZXIJPSBkaXMucmVhZFVURigpOw0KCQkJCQlTdHJpbmcgZmlsZQk9IGRpcy5yZWFkVVRGKCk7DQoJCQkJCVN0cmluZyBzawk9IGRpcy5yZWFkVVRGKCk7DQoJCQkJCQ0KLy8JLwkJCQlsb25nICBzdGFydCA9IFN5c3RlbS5jdXJyZW50VGltZU1pbGxpcygpOw0KCQkJCQ0KCQkJCQlTaW1wbGVEYXRlRm9ybWF0IHNkID0gbmV3IFNpbXBsZURhdGVGb3JtYXQoImRkL01NL3l5eXkiKTsJDQoJCQkJCURhdGUgZCA9IG5ldyBEYXRlKCk7CQ0KCQkJCQlTdHJpbmcgZHQgPSBzZC5mb3JtYXQoZCk7DQoNCgkJCQkJUmVzdWx0U2V0IHIxPWNvbm5lY3QuY3JlYXRlU3RhdGVtZW50KCkuZXhlY3V0ZVF1ZXJ5KCJzZWxlY3QgKiBmcm9tIENsb3VkU2VydmVyMSB3aGVyZSBmbmFtZT0nIitmaWxlKyInIik7DQoJCQkJCQ0KCQkJCQlpZihyMS5uZXh0KCk9PXRydWUpDQoJCQkJCXsNCgkJCQkJCVJlc3VsdFNldCByMj1jb25uZWN0LmNyZWF0ZVN0YXRlbWVudCgpLmV4ZWN1dGVRdWVyeSgic2VsZWN0ICogZnJvbSBDbG91ZFNlcnZlcjEgd2hlcmUgZm5hbWU9JyIrZmlsZSsiJyBhbmQgc2s9JyIrc2srIiciKTsNCgkJCQkJCQ0KCQkJCQkJaWYocjIubmV4dCgpPT10cnVlKQ0KCQkJCQkJew0KLy8JCQkJCQkJbG9uZyAgZW5kID0gU3lzdGVtLmN1cnJlbnRUaW1lTWlsbGlzKCk7DQovLwkJCQkJCQlTdHJpbmcgY3B1ID0gTG9uZy50b1N0cmluZyhlbmQtc3RhcnQpOw0KCQkJCQkJCUFFUyBhID0gbmV3IEFFUygpOw0KCQkJCQkJCVN0cmluZyBrZXlXb3JkID0gImVmNTBhMGVmMmMzZTNhNWZkZjgwM2FlOTc1MmM4YzY2IjsNCgkJCQkJCQkNCgkJCQkJCQlGaWxlSW5wdXRTdHJlYW0gZnMgPSBuZXcgRmlsZUlucHV0U3RyZWFtKCJDbG91ZFNlcnZlcjFcXCIrZmlsZSk7DQoJCQkJCQkJYnl0ZSBiczFbXSA9IG5ldyBieXRlW2ZzLmF2YWlsYWJsZSgpXTsNCgkJCQkJCQlmcy5yZWFkKGJzMSk7DQoJCQkJCQkJU3RyaW5nIGNvbnRlbnQgPSBuZXcgU3RyaW5nKGJzMSk7DQoJCQkJCQkJDQoJCQkJCQkJU3RyaW5nIHRhc2s9IkRvd25sb2FkIjsNCgkJCQkJCQlTdHJpbmcgY2xvdWQ9IkNTMSI7DQoJCQkJCQkJY29ubmVjdC5jcmVhdGVTdGF0ZW1lbnQoKS5leGVjdXRlVXBkYXRlKCJpbnNlcnQgaW50byB0cmFuc2FjdGlvbiB2YWx1ZXMgKCciK3VzZXIrIicsJyIrZmlsZSsiJywnIit0YXNrKyInLCciK2Nsb3VkKyInLCciK2R0KyInKSIpOw0KCQkJCQkJCQ0KCQkJCQkJCURhdGFPdXRwdXRTdHJlYW0gZG9zMSA9IG5ldyBEYXRhT3V0cHV0U3RyZWFtKGNvbjc3Ny5nZXRPdXRwdXRTdHJlYW0oKSk7DQoJCQkJCQkJZG9zMS53cml0ZVVURigic3VjY2VzcyIpOw0KCQkJCQkJCWRvczEud3JpdGVVVEYoYS5kZWNyeXB0KGNvbnRlbnQsIGtleVdvcmQpKTsNCgkJCQkJCX0NCgkJCQkJCWVsc2UNCgkJCQkJCXsNCgkJCQkJCQljb25uZWN0LmNyZWF0ZVN0YXRlbWVudCgpLmV4ZWN1dGVVcGRhdGUoImluc2VydCBpbnRvIEF0dGFja2VyIHZhbHVlcyAoJyIrdXNlcisiJywnIitmaWxlKyInLCciK3NrKyInLCciK2R0KyInKSIpOw0KCQkJCQkJCQ0KCQkJCQkJCURhdGFPdXRwdXRTdHJlYW0gZG9zMSA9IG5ldyBEYXRhT3V0cHV0U3RyZWFtKGNvbjc3Ny5nZXRPdXRwdXRTdHJlYW0oKSk7DQoJCQkJCQkJZG9zMS53cml0ZVVURigiZmFpbHVyZSIpOw0KCQkJCQkJCWRvczEud3JpdGVVVEYoImZhaWx1cmUiKTsNCgkJCQkJCQkNCgkJCQkJCX0NCgkJCQkJCQkNCgkJCQkJfQ0KCQkJCQlpZihyMS5uZXh0KCkhPXRydWUpDQoJCQkJCQl7DQoJCQkJCQkNCgkJCQkJCURhdGFPdXRwdXRTdHJlYW0gZG9zMSA9IG5ldyBEYXRhT3V0cHV0U3RyZWFtKGNvbjc3Ny5nZXRPdXRwdXRTdHJlYW0oKSk7DQoJCQkJCQlkb3MxLndyaXRlVVRGKCJub2ZpbGUiKTsNCgkJCQkJCWRvczEud3JpdGVVVEYoIm5vZmlsZSIpOw0KCQkJCQkJDQoJCQkJCQkJDQoJCQkJCQl9CQkNCgkJCQkJCQ0KCQkJCQkNCgkJCQkJfQ0KCQkJCQkNCgkJCQkJfWNhdGNoIChFeGNlcHRpb24gZSkgew0KCQkJCQkNCgkJCQl9DQoJCX0NCgkJDQoJCQlpZiAodGhpcy5wb3J0ID09IDE0NDQpDQoJCQl7DQoJCQkJdHJ5DQoJCQkJew0KCQkJCQlTZXJ2ZXJTb2NrZXQgc2VydmVyOTA5ID0gbmV3IFNlcnZlclNvY2tldCgxNDQ0KTsNCgkJCQkJU29ja2V0IGNvbjc3NzsNCg0KCQkJCQl3aGlsZSAodHJ1ZSkgDQoJCQkJCXsNCgkJCQkJCQkNCgkJCQkJCWNvbjc3NyA9IHNlcnZlcjkwOS5hY2NlcHQoKTsNCgkJCQkJCQ0KCQkJCQkJT2JqZWN0SW5wdXRTdHJlYW0gaW4zPW5ldyBPYmplY3RJbnB1dFN0cmVhbShjb243NzcuZ2V0SW5wdXRTdHJlYW0oKSk7DQoJCQkJCQkNCgkJCQkJCVN0cmluZyBjcz1pbjMucmVhZE9iamVjdCgpLnRvU3RyaW5nKCk7DQoJCQkJCQkNCgkJCQkJCVZlY3RvciBkYXRhID0gbmV3IFZlY3RvcigpOw0KCQkJCQkJDQoJCQkJCQkNCgkJCQkJCVJlc3VsdFNldCByMT1jb25uZWN0LmNyZWF0ZVN0YXRlbWVudCgpLmV4ZWN1dGVRdWVyeSgic2VsZWN0IG93bmVyLGZuYW1lLHRhc2ssY2xvdWQsZHQgZnJvbSB0cmFuc2FjdGlvbiB3aGVyZSBjbG91ZD0nIitjcysiJyIpOw0KDQoJCQkJCQlSZXN1bHRTZXRNZXRhRGF0YSByc209cjEuZ2V0TWV0YURhdGEoKTsNCgkJCQkJCWludCBjb2w9cnNtLmdldENvbHVtbkNvdW50KCk7DQoJCQkJCQkNCgkJCQkJCXdoaWxlKHIxLm5leHQoKT09dHJ1ZSkNCgkJCQkJCXsNCgkJCQkJCQlWZWN0b3Igcm93ID0gbmV3IFZlY3RvcigpOw0KCQkJICAgICAgICAgICAgCWZvcihpbnQgaSA9IDE7IGkgPD1jb2w7IGkrKyl7DQoJCQkgICAgICAgICAgICAgICAgcm93LmFkZEVsZW1lbnQocjEuZ2V0T2JqZWN0KGkpKTsNCgkJCSAgICAgICAgICAgICAgICANCgkJCSAgICAgICAgICAgICB9DQoJCQkgICAgICAgICAgICAJZGF0YS5hZGRFbGVtZW50KHJvdyk7DQoJCQkJCQl9DQoJCQkJCQkNCgkJCQkJCU9iamVjdE91dHB1dFN0cmVhbSBkb3V0ID0gbmV3IE9iamVjdE91dHB1dFN0cmVhbShjb243NzcuZ2V0T3V0cHV0U3RyZWFtKCkpOw0KCQkJCQkJZG91dC53cml0ZU9iamVjdChkYXRhKTsNCgkJCQkJCQ0KCQkJCQkJfQ0KCQkJCQkNCgkJCQkJfWNhdGNoIChFeGNlcHRpb24gZSkgew0KCQkJCQkNCgkJCQl9DQoJCX0NCgkJCQ0KCX0NCgl9DQoJDQoJDQoJcHVibGljIHN0YXRpYyB2b2lkIG1haW4oU3RyaW5nW10gYXJncykgDQoJew0KCQluZXcgQ2xvdWRzZXJ2ZXIxKCk7DQoJfQ0KCQ0KfQ0K', '-27e6f45f1a0b7b0d1da58443563328580d023f94', '[B@1192059', '06/09/2021   18:18:20', '13729', 'Shared', '4');
INSERT INTO `cloudserver` VALUES ('28', 'DataOwner.java', 'Manjunath', 'cloud', 'aW1wb3J0IGphdmEuYXd0LkNvbG9yOw0KaW1wb3J0IGphdmEuYXd0LkNvbnRhaW5lcjsNCmltcG9ydCBqYXZhLmF3dC5Gb250Ow0KaW1wb3J0IGphdmEuYXd0Lk1lbnU7DQppbXBvcnQgamF2YS5hd3QuTWVudUJhcjsNCmltcG9ydCBqYXZhLmF3dC5NZW51SXRlbTsNCmltcG9ydCBqYXZhLmF3dC5ldmVudC5BY3Rpb25FdmVudDsNCmltcG9ydCBqYXZhLmF3dC5ldmVudC5BY3Rpb25MaXN0ZW5lcjsNCmltcG9ydCBqYXZhLmlvLkJ1ZmZlcmVkSW5wdXRTdHJlYW07DQppbXBvcnQgamF2YS5pby5CdWZmZXJlZE91dHB1dFN0cmVhbTsNCmltcG9ydCBqYXZhLmlvLkJ1ZmZlcmVkUmVhZGVyOw0KaW1wb3J0IGphdmEuaW8uRGF0YUlucHV0U3RyZWFtOw0KaW1wb3J0IGphdmEuaW8uRGF0YU91dHB1dFN0cmVhbTsNCmltcG9ydCBqYXZhLmlvLkZpbGU7DQppbXBvcnQgamF2YS5pby5GaWxlSW5wdXRTdHJlYW07DQppbXBvcnQgamF2YS5pby5GaWxlT3V0cHV0U3RyZWFtOw0KaW1wb3J0IGphdmEuaW8uSU9FeGNlcHRpb247DQppbXBvcnQgamF2YS5pby5JbnB1dFN0cmVhbVJlYWRlcjsNCmltcG9ydCBqYXZhLmlvLk9iamVjdElucHV0U3RyZWFtOw0KaW1wb3J0IGphdmEuaW8uT2JqZWN0T3V0cHV0U3RyZWFtOw0KaW1wb3J0IGphdmEuaW8uUHJpbnRTdHJlYW07DQppbXBvcnQgamF2YS5tYXRoLkJpZ0ludGVnZXI7DQppbXBvcnQgamF2YS5uZXQuU2VydmVyU29ja2V0Ow0KaW1wb3J0IGphdmEubmV0LlNvY2tldDsNCmltcG9ydCBqYXZhLnNlY3VyaXR5LkRpZ2VzdElucHV0U3RyZWFtOw0KaW1wb3J0IGphdmEuc2VjdXJpdHkuS2V5Ow0KaW1wb3J0IGphdmEuc2VjdXJpdHkuS2V5UGFpcjsNCmltcG9ydCBqYXZhLnNlY3VyaXR5LktleVBhaXJHZW5lcmF0b3I7DQppbXBvcnQgamF2YS5zZWN1cml0eS5NZXNzYWdlRGlnZXN0Ow0KaW1wb3J0IGphdmEuc3FsLkNvbm5lY3Rpb247DQppbXBvcnQgamF2YS5zcWwuRHJpdmVyTWFuYWdlcjsNCmltcG9ydCBqYXZhLnNxbC5SZXN1bHRTZXQ7DQppbXBvcnQgamF2YS5zcWwuU3RhdGVtZW50Ow0KaW1wb3J0IGphdmEudGV4dC5EYXRlRm9ybWF0Ow0KaW1wb3J0IGphdmEudGV4dC5TaW1wbGVEYXRlRm9ybWF0Ow0KaW1wb3J0IGphdmEudXRpbC5EYXRlOw0KaW1wb3J0IGphdmEudXRpbC5WZWN0b3I7DQoNCmltcG9ydCBqYXZheC5jcnlwdG8uQ2lwaGVyOw0KaW1wb3J0IGphdmF4LmNyeXB0by5LZXlHZW5lcmF0b3I7DQppbXBvcnQgamF2YXguc3dpbmcuQm9yZGVyRmFjdG9yeTsNCmltcG9ydCBqYXZheC5zd2luZy5JbWFnZUljb247DQppbXBvcnQgamF2YXguc3dpbmcuSkJ1dHRvbjsNCmltcG9ydCBqYXZheC5zd2luZy5KQ29tYm9Cb3g7DQppbXBvcnQgamF2YXguc3dpbmcuSkZpbGVDaG9vc2VyOw0KaW1wb3J0IGphdmF4LnN3aW5nLkpGcmFtZTsNCmltcG9ydCBqYXZheC5zd2luZy5KTGFiZWw7DQppbXBvcnQgamF2YXguc3dpbmcuSk9wdGlvblBhbmU7DQppbXBvcnQgamF2YXguc3dpbmcuSlNjcm9sbFBhbmU7DQppbXBvcnQgamF2YXguc3dpbmcuSlRleHRBcmVhOw0KaW1wb3J0IGphdmF4LnN3aW5nLkpUZXh0RmllbGQ7DQppbXBvcnQgamF2YXguc3dpbmcuVUlNYW5hZ2VyOw0KaW1wb3J0IGphdmF4LnN3aW5nLmJvcmRlci5Cb3JkZXI7DQppbXBvcnQgamF2YS51dGlsLio7DQoNCnB1YmxpYyBjbGFzcyBEYXRhT3duZXIgaW1wbGVtZW50cyBBY3Rpb25MaXN0ZW5lciB7DQoJSkZyYW1lIGpmOw0KCUNvbnRhaW5lciBjOw0KCUpMYWJlbCBsMSwgbDIsIGwzLCBsNCwgbDUsIGw2LCBsNywgbDgsIGw5Ow0KCUpCdXR0b24gYjEsIGIyLCBiMywgYjQsIGI1LCBiNixiMm07DQoJSlNjcm9sbFBhbmUgc3A7DQoJSlRleHRBcmVhIHRhOw0KCUpUZXh0RmllbGQgdDEsIHQyLCB0MzsNCglNZW51QmFyIG1icjsNCglNZW51IGZpbGU7DQoJTWVudUl0ZW0gaXRlbSxpdGVtMjsNCglCb3JkZXIgYjExLCBiMjIsIGIzMzsNCglGaWxlIHBhdGg7DQoJSkNvbWJvQm94IGpiOw0KCU9iamVjdCB0eXBlOw0KCVN0cmluZyBzZWxJdGVtLG1hYzsNCglDaXBoZXIgZW5jb2RlcjsNCglLZXkgcHJLZXk7DQoJaW50IHJhbms7DQoJSkxhYmVsIG93bmVybmFtZTsNCglKVGV4dEZpZWxkIG93bmVydGV4dDsNCgkNCglwdWJsaWMgc3RhdGljIEtleSBwdWJLZXk7DQoJcHVibGljIEZvbnQgZiA9IG5ldyBGb250KCJUaW1lcyBuZXcgcm9tYW4iLCBGb250LkJPTEQsIDE2KTsNCglTdHJpbmcga2V5V29yZCA9ICJlZjUwYTBlZjJjM2UzYTVmZGY4MDNhZTk3NTJjOGM2NiI7DQoJDQoJRGF0YU93bmVyKFN0cmluZyBuYW1lKSB7DQoJCWpmID0gbmV3IEpGcmFtZSgiRGF0YSBPd25lciA6OiBBIE5vdmVsIFNjaGVkdWxpbmcgTWVjaGFuaXNtIEZvciBIeWJyaWQgQ2xvdWQgU3lzdGVtcyIpOw0KCQljID0gamYuZ2V0Q29udGVudFBhbmUoKTsNCgkJYy5zZXRMYXlvdXQobnVsbCk7DQoJCWMuc2V0QmFja2dyb3VuZChuZXcgQ29sb3IoMTQxLDE3MCwxNjEp', '25f66a896972ad45c3c91054262fea8a4fa33e2b', 'Ow0KCS8vIEhlcmUgaXMgdGhlIHVwZGF0ZWQgY29kZQkNCgkJbWJyID0gbmV3IE1lbnVCYXIoKTsNCgkJZmlsZSA9IG5ldyBNZW51KCJWaWV3IE93bmVyIEZpbGVzIik7DQoJCWl0ZW09IG5ldyBNZW51SXRlbSgiVmlldyBPd25lciBGaWxlcyIpOw0KCQlpdGVtLmFkZEFjdGlvbkxpc3RlbmVyKHRoaXMpOw0KCQlmaWxlLmFkZChpdGVtKTsNCgkJDQoJCWl0ZW0yPSBuZXcgTWVudUl0ZW0oIlZpZXcgQXVkaXQgUmVzdWx0Iik7DQoJCWl0ZW0yLmFkZEFjdGlvbkxpc3RlbmVyKHRoaXMpOw0KLy8JCWZpbGUuYWRkKGl0ZW0yKTsNCi8vCQkNCgkJbWJyLmFkZChmaWxlKTsNCgkJamYuc2V0TWVudUJhcihtYnIpOw0KCQkNCgkJb3duZXJuYW1lID0gbmV3IEpMYWJlbCgiT3duZXIgTmFtZSIpOw0KCQlvd25lcm5hbWUuc2V0Rm9udChmKTsNCgkJb3duZXJuYW1lLnNldEJvdW5kcyg3MCwgMTAwLCAxMjAsIDMwKTsNCgkJYy5hZGQob3duZXJuYW1lKTsNCgkJDQoJCW93bmVydGV4dCA9IG5ldyBKVGV4dEZpZWxkKCk7DQoJCW93bmVydGV4dC5zZXRCb3VuZHMoNzAsIDEzMCwgMTIwLCAzMCk7DQoJCW93bmVydGV4dC5zZXRGb250KGYpOw0KCQlvd25lcnRleHQuc2V0VGV4dChuYW1lKTsNCgkJb3duZXJ0ZXh0LnNldEVkaXRhYmxlKGZhbHNlKTsNCgkJDQoJCWMuYWRkKG93bmVydGV4dCk7DQoNCg0KCQl0YSA9IG5ldyBKVGV4dEFyZWEoKTsNCgkJdGEuc2V0Q29sdW1ucygxMDApOw0KCQl0YS5zZXRSb3dzKDEwMCk7DQoNCgkJc3AgPSBuZXcgSlNjcm9sbFBhbmUoKTsNCgkJc3Auc2V0Vmlld3BvcnRWaWV3KHRhKTsNCgkJc3Auc2V0Qm91bmRzKDMwNSwgMTMwLCAzMTUsIDI1MCk7DQoNCgkJYjEgPSBuZXcgSkJ1dHRvbigiQnJvd3NlIik7DQoJCWIyID0gbmV3IEpCdXR0b24oIlVwbG9hZCBGaWxlIik7DQoJCWIzID0gbmV3IEpCdXR0b24oIlZlcmlmeSIpOw0KCQliNCA9IG5ldyBKQnV0dG9uKCJVcGRhdGUgQmxvY2siKTsNCgkJYjUgPSBuZXcgSkJ1dHRvbigiUHVyY2hhc2UiKTsNCgkJDQoJCWIxLmFkZEFjdGlvbkxpc3RlbmVyKHRoaXMpOw0KCQliMi5hZGRBY3Rpb25MaXN0ZW5lcih0aGlzKTsNCgkJYjMuYWRkQWN0aW9uTGlzdGVuZXIodGhpcyk7DQoJCWI0LmFkZEFjdGlvbkxpc3RlbmVyKHRoaXMpOw0KCQliNS5hZGRBY3Rpb25MaXN0ZW5lcih0aGlzKTsNCgkJDQoJCWIxLnNldEJhY2tncm91bmQoQ29sb3IuWUVMTE9XKTsNCgkJYjIuc2V0QmFja2dyb3VuZChDb2xvci5ZRUxMT1cpOw0KCQliMy5zZXRCYWNrZ3JvdW5kKENvbG9yLllFTExPVyk7DQoJCWI0LnNldEJhY2tncm91bmQoQ29sb3IuWUVMTE9XKTsNCgkJYjUuc2V0QmFja2dyb3VuZChDb2xvci5ZRUxMT1cpOw0KCQkNCi8vCQlpdGVtLmFkZEFjdGlvbkxpc3RlbmVyKHRoaXMpOw0KDQoJCWIxLnNldEJvdW5kcyg3MCwgMTkwLCAxMjAsIDMwKTsNCgkJYjIuc2V0Qm91bmRzKDcwLCAyNTAsIDEyMCwgMzApOw0KCQliMy5zZXRCb3VuZHMoNzAsIDMxMCwgMTIwLCAzMCk7DQoJCWI0LnNldEJvdW5kcyg3MCwgMzcwLCAxMjAsIDMwKTsNCgkJYjUuc2V0Qm91bmRzKDk1LCA0MzAsIDEyMCwgMzApOw0KCQkNCgkJSW1hZ2VJY29uIGJhbm5lciA9IG5ldyBJbWFnZUljb24odGhpcy5nZXRDbGFzcygpLmdldFJlc291cmNlKCJEYXRhT3duZXIucG5nIikpOw0KCQlKTGFiZWwgdGl0bGUgPSBuZXcgSkxhYmVsKCk7DQoJCXRpdGxlLnNldEljb24oYmFubmVyKTsNCgkJdGl0bGUuc2V0Qm91bmRzKDUsIDEwLCAgNzUwLDQ1MCk7DQoJCQ0KCQkNCgkJDQoJCWMuYWRkKHNwKTsNCi8vCQljLmFkZChsMSk7DQoJCQ0KLy8JCWMuYWRkKGwyKTsNCgkJYy5hZGQoYjEpOw0KCQljLmFkZChiMik7DQovLwkJYy5hZGQoYjMpOw0KLy8JCWMuYWRkKGI0KTsNCi8vCQljLmFkZChiNSk7DQogICAgCWMuYWRkKHRpdGxlKTsNCi8vCQljLmFkZCh0aXRsZSk7DQoJCWpmLnNldFNpemUoNzcwLDUzMCk7DQoJCWpmLnNob3coKTsNCgkJDQoJDQoJfQ0KDQoJY2xhc3MgUG9ydExpc3RlbmVyIGltcGxlbWVudHMgUnVubmFibGUgew0KCQkJDQoJCQlpbnQgcG9ydDsNCg0KCQkJcHVibGljIFBvcnRMaXN0ZW5lcihpbnQgcG9ydCkgew0KCQkJCXRoaXMucG9ydCA9IHBvcnQ7DQoJCQl9DQoNCgkJCXB1YmxpYyB2b2lkIHJ1bigpIHsNCgkJCQl0cnl7DQoJCQkJQ2xhc3MuZm9yTmFtZSgiY29tLm15c3FsLmpkYmMuRHJpdmVyIik7DQoJCQkJRGJjb24gZGI9bmV3IERiY29uKCk7DQoJCQkJQ29ubmVjdGlvbiBjb25uZWN0PWRiLmdldENvbm5lY3Rpb24oKTsNCgkJCQlTb2NrZXQgczsNCgkJCQkgDQoJCQkgDQoJCQkJfWNhdGNoIChFeGNlcHRpb24gZSkgew0KCQkJCQkJZS5wcmludFN0YWNrVHJhY2UoKTsNCgkJCQl9DQoJCQl9DQoJfQ0KCXB1YmxpYyB2b2lkIGFjdGlvblBlcmZvcm1lZChBY3Rpb25FdmVudCBlKSB7DQoJCVN0cmluZyBzdHJsaW5lID0gIiI7DQoJCU9iamVjdCBvID0gZS5nZXRTb3VyY2UoKTsNCgkJaWYgKG8gPT0gaXRlbSkgew0KDQoJCQl0cnkNCgkJCXs=', '26bb8d520c04f8f80e0f8131c80e802adeece444', 'CgkJCQlWaWV3T3duZXJGaWxlcyB2ID0gbmV3IFZpZXdPd25lckZpbGVzKCk7DQoJCQkJdi5zZXRTaXplKDYwMCwgNDAwKTsNCgkJCQl2LnNldFZpc2libGUodHJ1ZSk7DQoJCQkJDQoJCQl9Y2F0Y2ggKEV4Y2VwdGlvbiBlNSkgew0KCQkJCS8vIFRPRE86IGhhbmRsZSBleGNlcHRpb24NCgkJCX0NCgkJfQ0KCQlpZiAobyA9PSBpdGVtMikgew0KDQoJCQl0cnkNCgkJCXsNCgkJCQlTdHJpbmcgaXAgPSBKT3B0aW9uUGFuZS5zaG93SW5wdXREaWFsb2cobnVsbCwgIkVudGVyIFZlcmlmaWVyIElQIEFkZHJlc3MiKTsNCgkJCQlTb2NrZXQgc3RtPW5ldyBTb2NrZXQoaXAsMTc3Nyk7DQoJCQkJT2JqZWN0T3V0cHV0U3RyZWFtIGRvczM9bmV3IE9iamVjdE91dHB1dFN0cmVhbShzdG0uZ2V0T3V0cHV0U3RyZWFtKCkpOw0KCQkJCWRvczMud3JpdGVPYmplY3QoInJlcXVlc3QiKTsgDQoJCQkJDQoJCQkJDQoJCQkJT2JqZWN0SW5wdXRTdHJlYW0gaW5zPW5ldyBPYmplY3RJbnB1dFN0cmVhbShzdG0uZ2V0SW5wdXRTdHJlYW0oKSk7DQoJCQkJVmVjdG9yIGExPShWZWN0b3IpIGlucy5yZWFkT2JqZWN0KCk7DQoJCQkJU3lzdGVtLm91dC5wcmludGxuKGExKTsNCgkJCQkNCi8vCQkJCVZpZXdBdWRpdFJlc3VsdDEgdiA9IG5ldyBWaWV3QXVkaXRSZXN1bHQxKGExKTsNCi8vCQkJCXYuc2V0U2l6ZSg2MDAsNDAwKTsNCi8vCQkJCXYuc2V0VmlzaWJsZSh0cnVlKTsNCgkJCQkNCgkJCX1jYXRjaCAoRXhjZXB0aW9uIGU1KSB7DQoJCQkJLy8gVE9ETzogaGFuZGxlIGV4Y2VwdGlvbg0KCQkJfQ0KCQl9DQoJCQ0KCQlpZiAobyA9PSBiMSkgew0KCQkJSkZpbGVDaG9vc2VyIGNob29zZXIgPSBuZXcgSkZpbGVDaG9vc2VyKCJEYXRhYmFzZSIpOw0KCQkJdHJ5IHsNCgkJCQlGaWxlIGYgPSBuZXcgRmlsZShuZXcgRmlsZSgiZmlsZW5hbWUudHh0IikuZ2V0Q2Fub25pY2FsUGF0aCgpKTsNCgkJCQljaG9vc2VyLnNldFNlbGVjdGVkRmlsZShmKTsNCgkJCX0gY2F0Y2ggKElPRXhjZXB0aW9uIGUxKSB7DQoJCQl9DQoNCgkJCWludCByZXR2YWwgPSBjaG9vc2VyLnNob3dPcGVuRGlhbG9nKGIxKTsNCgkJCWlmIChyZXR2YWwgPT0gSkZpbGVDaG9vc2VyLkFQUFJPVkVfT1BUSU9OKSB7DQoJCQkJRmlsZSBmaWVsZCA9IGNob29zZXIuZ2V0U2VsZWN0ZWRGaWxlKCk7DQoJCQkJDQoJCQkJcGF0aCA9IGNob29zZXIuZ2V0U2VsZWN0ZWRGaWxlKCk7DQoJCQl9DQoNCgkJCUZpbGUgY3VyRmlsZSA9IGNob29zZXIuZ2V0U2VsZWN0ZWRGaWxlKCk7DQoJCQl0cnkgew0KCQkJCUZpbGVJbnB1dFN0cmVhbSBmc3RyZWFtID0gbmV3IEZpbGVJbnB1dFN0cmVhbShjdXJGaWxlKTsNCgkJCQlEYXRhSW5wdXRTdHJlYW0gaW5zID0gbmV3IERhdGFJbnB1dFN0cmVhbShmc3RyZWFtKTsNCgkJCQlCdWZmZXJlZFJlYWRlciBiciA9IG5ldyBCdWZmZXJlZFJlYWRlcihuZXcgSW5wdXRTdHJlYW1SZWFkZXIoDQoJCQkJCQlpbnMpKTsNCgkJCQlTdHJpbmdCdWZmZXIgYnVmZmVyID0gbmV3IFN0cmluZ0J1ZmZlcigpOw0KDQoJCQkJd2hpbGUgKChzdHJsaW5lID0gYnIucmVhZExpbmUoKSkgIT0gbnVsbCkgew0KLy8JCQkJCVN5c3RlbS5vdXQucHJpbnRsbihzdHJsaW5lKTsNCgkJCQkJYnVmZmVyLmFwcGVuZChzdHJsaW5lICsgIlxuIik7DQoJCQkJfQ0KCQkJCXRhLnNldFRleHQoYnVmZmVyLnRvU3RyaW5nKCkpOw0KCQkJCQ0KCQkJCQ0KCQkJCQ0KCQkJfSBjYXRjaCAoRXhjZXB0aW9uIGUxKSB7DQoJCQkJZTEucHJpbnRTdGFja1RyYWNlKCk7DQoJCQl9DQoJCX0NCgkJaWYobyA9PSBiNSkNCgkJew0KCQkJdHJ5ew0KCQkJCQ0KCQkJfWNhdGNoIChFeGNlcHRpb24gZTMpIHsNCgkJCQkvLyBUT0RPOiBoYW5kbGUgZXhjZXB0aW9uDQoJCQl9DQoJCX0NCgkJaWYobyA9PSBiMykNCgkJe30NCgkJaWYobyA9PSBiNCkNCgkJe30NCgkJaWYgKG8gPT0gYjIpIHsNCgkJCXRyeSB7DQoJCQkJRGJjb24gZGIgPSBuZXcgRGJjb24oKTsNCgkJCQlDb25uZWN0aW9uIGNvbm5lY3QgPWRiLmdldENvbm5lY3Rpb24oKTsNCgkJCQlTdGF0ZW1lbnQgc3RtdCA9IGNvbm5lY3QuY3JlYXRlU3RhdGVtZW50KCk7DQoJCQkJDQoJCQkJU3RyaW5nIG93bmVyID0gb3duZXJ0ZXh0LmdldFRleHQoKTsNCgkJCQlTdHJpbmcgY29udGVudD1BRVMuZW5jcnlwdCh0YS5nZXRUZXh0KCksa2V5V29yZCk7DQoJCQkNCgkJCQlTaW1wbGVEYXRlRm9ybWF0IHNkID0gbmV3IFNpbXBsZURhdGVGb3JtYXQoImRkL01NL3l5eXkiKTsNCgkJCQkNCgkJCQlEYXRlIGQgPSBuZXcgRGF0ZSgpOw0KCQkJCQ0KCQkJCVN0cmluZyBkdCA9IHNkLmZvcm1hdChkKTsNCgkJCQkJIA0KCQkJCVJhbmRvbSByPW5ldyBSYW5kb20oKTsNCgkJCQkNCgkJCQlTdHJpbmcgbmV3a2V5PVN0cmluZy52YWx1ZU9mKHIubmV4dEludCgxMDAwMCkpOw0KCQkJCQ0KCQkJCVN0cmluZyBmbmFtZSA9IEpPcHRpb25QYW5lLnNob3dJbnB1dERpYWxvZyhudWxsLCJFbnQ=', '-2dd1cd2883983c5d90946c8f20e4654018635792', 'ciB0aGUgZmlsZSBuYW1lIik7DQoJCQkJDQoJCQkJU3RyaW5nW10gZHNuID0geyAiU2VsZWN0IiwgIkNTMSIsICJDUzIiLCAiQ1MzIn07DQoJCQkJDQoJCQkJIFN0cmluZyBrZXl3ID0gKFN0cmluZykgSk9wdGlvblBhbmUuc2hvd0lucHV0RGlhbG9nKG51bGwsDQoJCQkJCQkiU2VsZWN0IENsb3VkIFNlcnZlciIsICIgQ2xvdWRTZXJ2ZXIiLA0KCQkJCQkJSk9wdGlvblBhbmUuUVVFU1RJT05fTUVTU0FHRSwgbnVsbCwgIGRzbiwgIGRzblswXSk7DQoJCQkJIA0KCQkJCVN0cmluZyBpcCA9IEpPcHRpb25QYW5lLnNob3dJbnB1dERpYWxvZyhudWxsLCJFbnRlciBDbG91ZCBTZXJ2ZXIgSXAgQWRkcmVzcyIpOw0KCQkJCQ0KCQkJCVByaW50U3RyZWFtIG91dCA9IG51bGw7DQoJCQkJdHJ5IHsNCgkJCQkgICAgb3V0ID0gbmV3IFByaW50U3RyZWFtKG5ldyBGaWxlT3V0cHV0U3RyZWFtKCJPd25lclxcIitmbmFtZSkpOw0KCQkJCSAgICBvdXQucHJpbnQoY29udGVudCk7DQoJCQkJfQ0KCQkJCWZpbmFsbHkgew0KCQkJCSAgICBpZiAob3V0ICE9IG51bGwpIG91dC5jbG9zZSgpOw0KCQkJCX0NCi8vCQkJCQ0KCQkJCVN0cmluZyBxdWVyeTEgPSAiaW5zZXJ0IGludG8gT3duZXIgdmFsdWVzKCciK293bmVyKyInLCciK2ZuYW1lKyInLCciK25ld2tleSsiJywnIitrZXl3KyInLCciK2R0KyInKSI7DQoJCQkJc3RtdC5leGVjdXRlVXBkYXRlKHF1ZXJ5MSk7DQoJCQkJDQoJCQkJU29ja2V0IHNvYyA9IG5ldyBTb2NrZXQoaXAsMTIzNCk7DQoJCQkJRGF0YU91dHB1dFN0cmVhbSBkb3V0MSA9IG5ldyBEYXRhT3V0cHV0U3RyZWFtKHNvYy5nZXRPdXRwdXRTdHJlYW0oKSk7DQoJCQkJDQoJCQkJZG91dDEud3JpdGVVVEYob3duZXIpOw0KCQkJCWRvdXQxLndyaXRlVVRGKGZuYW1lKTsNCgkJCQlkb3V0MS53cml0ZVVURihuZXdrZXkpOw0KCQkJCWRvdXQxLndyaXRlVVRGKGtleXcpOw0KCQkJCWRvdXQxLndyaXRlVVRGKGNvbnRlbnQpOw0KCQkJCWRvdXQxLndyaXRlVVRGKGR0KTsNCgkJCQkNCgkJCQlEYXRhSW5wdXRTdHJlYW0gZGluMSA9IG5ldyBEYXRhSW5wdXRTdHJlYW0oc29jLmdldElucHV0U3RyZWFtKCkpOw0KCQkJCQ0KCQkJCVN0cmluZyBtc2cxID0gZGluMS5yZWFkVVRGKCk7DQoJCQkJU3lzdGVtLm91dC5wcmludGxuKG1zZzEpOw0KCQkJCQ0KCQkJCWlmKG1zZzEuZXF1YWxzSWdub3JlQ2FzZSgic3VjY2VzcyIpKQ0KCQkJCXsNCgkJCQkJSk9wdGlvblBhbmUuc2hvd01lc3NhZ2VEaWFsb2cobnVsbCwgIkZpbGUgU3RvcmVkIFN1Y2Nlc3NmdWxseSBcbiBNZXNzYWdlIEZyb20gIitrZXl3KTsNCgkJCQl9DQoJCQkJaWYobXNnMS5lcXVhbHNJZ25vcmVDYXNlKCJyZXNldCIpKQ0KCQkJCXsNCgkJCQkJU3lzdGVtLm91dC5wcmludGxuKG1zZzEpOw0KCQkJCQkNCgkJCQkJU29ja2V0IHNvY2sgPSBuZXcgU29ja2V0KGlwLDMwMDkpOw0KCQkJCQlEYXRhT3V0cHV0U3RyZWFtIGRvdXQxMSA9IG5ldyBEYXRhT3V0cHV0U3RyZWFtKHNvY2suZ2V0T3V0cHV0U3RyZWFtKCkpOw0KCQkJCQkNCgkJCQkJZG91dDExLndyaXRlVVRGKG93bmVyKTsNCgkJCQkJZG91dDExLndyaXRlVVRGKGZuYW1lKTsNCgkJCQkJZG91dDExLndyaXRlVVRGKG5ld2tleSk7DQoJCQkJCWRvdXQxMS53cml0ZVVURihrZXl3KTsNCgkJCQkJZG91dDExLndyaXRlVVRGKGNvbnRlbnQpOw0KCQkJCQlkb3V0MTEud3JpdGVVVEYoZHQpOw0KDQoJCQkJCURhdGFJbnB1dFN0cmVhbSBkaW4xMSA9IG5ldyBEYXRhSW5wdXRTdHJlYW0oc29jay5nZXRJbnB1dFN0cmVhbSgpKTsNCgkJCQkJU3RyaW5nIG1zZzExID0gZGluMTEucmVhZFVURigpOw0KCQkJCQkvL1N5c3RlbS5vdXQucHJpbnRsbihtc2cxMSk7DQoJCQkJCQ0KCQkJCQlpZihtc2cxMS5lcXVhbHNJZ25vcmVDYXNlKCJzdWNjZXNzIikpDQoJCQkJCXsNCgkJCQkJCUpPcHRpb25QYW5lLnNob3dNZXNzYWdlRGlhbG9nKG51bGwsICJGaWxlIFN0b3JlZCBTdWNjZXNzZnVsbHkgXG4gTWVzc2FnZSBGcm9tICIra2V5dyk7DQoJCQkJCX0NCgkJCQkJDQoJCQkJCQ0KCQkJCX0NCgkJCQkNCgkJCQkNCgkJCX0gY2F0Y2ggKEV4Y2VwdGlvbiBlMSkgew0KCQkJCWUxLnByaW50U3RhY2tUcmFjZSgpOw0KCQkJfQ0KCQkJDQoJCQkNCgkJfQ0KCQkJDQoJfQ0KDQoNCglwdWJsaWMgc3RhdGljIHZvaWQgbWFpbihTdHJpbmdbXSBhcmdzKSB7DQoJCQ0KCQluZXcgRGF0YU93bmVyKCJhIik7DQoJCQ0KCQl0cnkgew0KCQkJVUlNYW5hZ2VyDQoJCQkJCS5zZXRMb29rQW5kRmVlbCgiY29tLnN1bi5qYXZhLnN3aW5nLnBsYWYud2luZG93cy5XaW5kb3dzTG9va0FuZEZlZWwiKTsNCgkJfSBjYXRjaCAoRXhjZXB0aW9uIGUxKSB7DQoJCQllMS5wcmludFN0YWNrVHJhY2UoKTsNCgkJfQ0KCQlqYXZhLmF3dC5FdmVudFF1ZXVlLmludm9rZUxhdGVyKG5ldyBSdW5uYWJsZSgpIHsNCgkJCXB1YmxpYyB2b2lkIHJ1bigpIHsNCgkJCX0NCgkJfSk7DQoJfQ0KDQp9DQo=', '4781992185207dedfe2d9b4012325fceedcc07a3', '[B@103fcaa', '07/09/2021   12:03:09', '9831', 'Shared', '4');
INSERT INTO `cloudserver` VALUES ('29', 'EndUser.java', 'Manjunath', 'cloud', 'aW1wb3J0IGphdmEuYXd0LkNvbG9yOw0KaW1wb3J0IGphdmEuYXd0LkNvbnRhaW5lcjsNCmltcG9ydCBqYXZhLmF3dC5EZXNrdG9wOw0KaW1wb3J0IGphdmEuYXd0Lk1lbnU7DQppbXBvcnQgamF2YS5hd3QuTWVudUJhcjsNCmltcG9ydCBqYXZhLmF3dC5NZW51SXRlbTsNCmltcG9ydCBqYXZhLmF3dC5ldmVudC5BY3Rpb25FdmVudDsNCmltcG9ydCBqYXZhLmF3dC5ldmVudC5BY3Rpb25MaXN0ZW5lcjsNCmltcG9ydCBqYXZhLmlvLkRhdGFJbnB1dFN0cmVhbTsNCmltcG9ydCBqYXZhLmlvLkRhdGFPdXRwdXRTdHJlYW07DQppbXBvcnQgamF2YS5pby5GaWxlOw0KaW1wb3J0IGphdmEuaW8uRmlsZU91dHB1dFN0cmVhbTsNCmltcG9ydCBqYXZhLmlvLklPRXhjZXB0aW9uOw0KaW1wb3J0IGphdmEuaW8uT2JqZWN0SW5wdXRTdHJlYW07DQppbXBvcnQgamF2YS5pby5PYmplY3RPdXRwdXRTdHJlYW07DQppbXBvcnQgamF2YS5uZXQuU2VydmVyU29ja2V0Ow0KaW1wb3J0IGphdmEubmV0LlNvY2tldDsNCmltcG9ydCBqYXZhLm5ldC5Vbmtub3duSG9zdEV4Y2VwdGlvbjsNCmltcG9ydCBqYXZhLnNxbC5Db25uZWN0aW9uOw0KaW1wb3J0IGphdmEuc3FsLkRyaXZlck1hbmFnZXI7DQppbXBvcnQgamF2YS5zcWwuUmVzdWx0U2V0Ow0KaW1wb3J0IGphdmEuc3FsLlN0YXRlbWVudDsNCmltcG9ydCBqYXZhLnRleHQuU2ltcGxlRGF0ZUZvcm1hdDsNCmltcG9ydCBqYXZhLnV0aWwuQXJyYXlMaXN0Ow0KaW1wb3J0IGphdmEudXRpbC5EYXRlOw0KaW1wb3J0IGphdmEudXRpbC5JdGVyYXRvcjsNCmltcG9ydCBqYXZhLnV0aWwuVmVjdG9yOw0KDQppbXBvcnQgamF2YXguc3dpbmcuSW1hZ2VJY29uOw0KaW1wb3J0IGphdmF4LnN3aW5nLkpCdXR0b247DQppbXBvcnQgamF2YXguc3dpbmcuSkZyYW1lOw0KaW1wb3J0IGphdmF4LnN3aW5nLkpMYWJlbDsNCmltcG9ydCBqYXZheC5zd2luZy5KT3B0aW9uUGFuZTsNCmltcG9ydCBqYXZheC5zd2luZy5KUGFuZWw7DQppbXBvcnQgamF2YXguc3dpbmcuSlNjcm9sbFBhbmU7DQppbXBvcnQgamF2YXguc3dpbmcuSlRleHRBcmVhOw0KaW1wb3J0IGphdmF4LnN3aW5nLkpUZXh0RmllbGQ7DQoNCnB1YmxpYyBjbGFzcyBFbmRVc2VyIGltcGxlbWVudHMgQWN0aW9uTGlzdGVuZXIgDQp7DQoJSkZyYW1lIGpmOw0KCUNvbnRhaW5lciBjOw0KCUpQYW5lbCBwMSxwMjsJDQoJSkxhYmVsIGwxLGwyLGwzOw0KCUpUZXh0RmllbGQgdDEsdDIsdDM7DQoJSkJ1dHRvbiBiMSxiMixiMyxiNDsNCglpbnQgcmFuazsgDQoJSkxhYmVsIG1nMSwgbWcyLCBtZzMsIG1nNCwgbWc1LCBtZzYsIG1nNywgbWc4LCBtZzksIG1nMTAsIGcxMSwgZzIyLCBnMzMsZzQ0LCBnNTUsIGc2NiwgZzc3LGw4LGw5Ow0KCUltYWdlSWNvbiBiYW5uZXI7DQoJSlRleHRBcmVhIHRhOw0KCUpTY3JvbGxQYW5lIHNwOw0KCVN0cmluZyBuYW1lOw0KCU1lbnVCYXIgbWJyOw0KCU1lbnUgZmlsZTsNCglNZW51SXRlbSAgaXRlbTIsdHJ1c3Q7DQoJU3RyaW5nIGtleXc9IiI7DQoJQFN1cHByZXNzV2FybmluZ3MoImRlcHJlY2F0aW9uIikNCglFbmRVc2VyKFN0cmluZyBuYW1lKQ0KCXsNCgkJamYgPSBuZXcgSkZyYW1lKCJFbmQgVXNlcjo6QSBOb3ZlbCBTY2hlZHVsaW5nIE1lY2hhbmlzbSBGb3IgSHlicmlkIENsb3VkIFN5c3RlbXMiKTs=', '57c6aed5d2a56ed1f9260cc78ef2f33e39447751', 'CgkJYyA9IGpmLmdldENvbnRlbnRQYW5lKCk7DQoJCWMuc2V0TGF5b3V0KG51bGwpOw0KCQljLnNldEJhY2tncm91bmQoQ29sb3IuV0hJVEUpOw0KCQkNCgkJbWJyID0gbmV3IE1lbnVCYXIoKTsNCgkJZmlsZSA9IG5ldyBNZW51KCJGaWxlIik7DQoJCWl0ZW0yID0gbmV3IE1lbnVJdGVtKCJTZWFyY2ggQ2xvdWQgRmlsZXMiKTsNCgkJaXRlbTIuYWRkQWN0aW9uTGlzdGVuZXIodGhpcyk7DQoJCQ0KCQl0cnVzdCA9IG5ldyBNZW51SXRlbSgiRmluZCBUcnVzdHdvcnRoeSBGaWxlcyIpOw0KCQl0cnVzdC5hZGRBY3Rpb25MaXN0ZW5lcih0aGlzKTsNCgkJDQoJCWZpbGUuYWRkKGl0ZW0yKTsNCgkJZmlsZS5hZGQodHJ1c3QpOw0KCQltYnIuYWRkKGZpbGUpOw0KLy8JCWpmLnNldE1lbnVCYXIobWJyKTsNCgkJDQoJCUltYWdlSWNvbiBiYW5uZXIgPSBuZXcgSW1hZ2VJY29uKHRoaXMuZ2V0Q2xhc3MoKS5nZXRSZXNvdXJjZSgiRW5kVXNlci5wbmciKSk7DQoJCUpMYWJlbCB0aXRsZSA9IG5ldyBKTGFiZWwoKTsNCgkJdGl0bGUuc2V0SWNvbihiYW5uZXIpOw0KCQl0aXRsZS5zZXRCb3VuZHMoMTAsIDAsICA2MzAsNDUwKTsNCgkJDQoJCQ0KCQlsMT1uZXcgSkxhYmVsKCJVc2VyIE5hbWUiKTsNCgkJbDEuc2V0Qm91bmRzKDUwLCA1MCwgMTAwLCAzMCk7DQoJCQ0KCQlsMj1uZXcgSkxhYmVsKCJGaWxlIE5hbWUiKTsNCgkJbDIuc2V0Qm91bmRzKDUwLCAxMTUsIDEwMCwgMzApOw0KCQkNCgkJbDM9bmV3IEpMYWJlbCgiU2VjcmV0IEtleSIpOw0KCQlsMy5zZXRCb3VuZHMoNTAsIDE3NSwgMTAwLCAzMCk7DQoJCQ0KCQlTdHJpbmcgdXNlcj1uYW1lOw0KCQl0MSA9IG5ldyBKVGV4dEZpZWxkKCk7DQoJCXQxLnNldEJvdW5kcyg1MCwgODAsIDEwMCwgMzApOw0KCQl0MS5zZXRUZXh0KHVzZXIpOw0KCQl0MS5zZXRFZGl0YWJsZShmYWxzZSk7DQoJCQ0KCQl0MiA9IG5ldyBKVGV4dEZpZWxkKCk7DQoJCXQyLnNldEJvdW5kcyg1MCwgMTQwLCAxMDAsIDMwKTsNCgkJDQoJCXQzID0gbmV3IEpUZXh0RmllbGQoKTsNCgkJdDMuc2V0Qm91bmRzKDUwLCAyMDAsIDEwMCwgMzApOw0KCQkNCgkJYjEgPSBuZXcgSkJ1dHRvbigiUmVxLVNLIik7DQoJCWIxLnNldEJvdW5kcyg1MCwgMjUwLCAxMDAsIDMwKTsNCgkJYjEuYWRkQWN0aW9uTGlzdGVuZXIodGhpcyk7DQoJCQ0KCQliMiA9IG5ldyBKQnV0dG9uKCJEb3dubG9hZCIpOw0KCQliMi5zZXRCb3VuZHMoNTAsIDMwMCwgMTAwLCAzMCk7DQoJCWIyLmFkZEFjdGlvbkxpc3RlbmVyKHRoaXMpOw0KCQkNCgkJYjMgPSBuZXcgSkJ1dHRvbigiSyBOZWFyZXN0IFNlYXJjaCIpOw0KCQliMy5zZXRCb3VuZHMoMTUwLCAzODAsIDE1MCwgMzApOw0KCQliMy5hZGRBY3Rpb25MaXN0ZW5lcih0aGlzKTsNCgkJDQoJCWI0ID0gbmV3IEpCdXR0b24oIktleXdvcmQgU2VhcmNoIik7DQoJCWI0LnNldEJvdW5kcygzNTAsIDM4MCwgMTUwLCAzMCk7DQoJCWI0LmFkZEFjdGlvbkxpc3RlbmVyKHRoaXMpOw0KCQkNCgkJdGEgPSBuZXcgSlRleHRBcmVhKCk7DQoJCXRhLnNldENvbHVtbnMoMTAwKTsNCgkJdGEuc2V0Um93cygxMDApOw0KCQkNCgkJc3AgPSBuZXcgSlNjcm9sbFBhbmUoKTsNCgkJc3Auc2V0Vmlld3BvcnRWaWV3KHRhKTsNCgkJc3Auc2V0Qm91bmRzKDI3NSwgODAsIDI0MCwgMjMwKTsNCg==', '70a4553a668edec468982f56640c8df8ce6c3b22', 'CQ0KLy8JCUltYWdlSWNvbiBiYW5uZXIgPSBuZXcgSW1hZ2VJY29uKHRoaXMuZ2V0Q2xhc3MoKS5nZXRSZXNvdXJjZSgiZW5kLnBuZyIpKTsNCi8vCQlKTGFiZWwgdGl0bGUgPSBuZXcgSkxhYmVsKCk7DQovLwkJdGl0bGUuc2V0SWNvbihiYW5uZXIpOw0KLy8JCXRpdGxlLnNldEJvdW5kcygwLCAtNzAsICA5NTAsNTcwKTsNCgkJDQoJCWMuYWRkKGwxKTsNCgkJYy5hZGQobDIpOw0KCQljLmFkZChsMyk7DQoJCWMuYWRkKHNwKTsNCgkJYy5hZGQoYjIpOw0KCQljLmFkZChiMSk7DQovLwkJYy5hZGQoYjMpOw0KLy8JCWMuYWRkKGI0KTsNCgkJDQoJCWMuYWRkKHQxKTsNCgkJYy5hZGQodDIpOw0KCQljLmFkZCh0Myk7DQoJCWMuYWRkKHRpdGxlKTsNCi8vLwkJYy5hZGQobDUpOw0KLy8JCWMuYWRkKHVzZXJuYW1lKTsNCgkJamYuc2V0U2l6ZSg2NjAsNDkwKTsNCgkJamYuc2hvdygpOw0KCQkNCgl9DQoNCg0KCXB1YmxpYyB2b2lkIGFjdGlvblBlcmZvcm1lZChBY3Rpb25FdmVudCBlMSkNCgl7DQoJCU9iamVjdCBvID0gZTEuZ2V0U291cmNlKCk7DQoJCQ0KCQkNCgkJaWYobz09YjEpDQoJCXsNCgkJCXRyeSB7DQoJCQlTdHJpbmcgZmlsZSA9dDIuZ2V0VGV4dCgpOw0KCQkJaWYoZmlsZS5lcXVhbHNJZ25vcmVDYXNlKCIiKSkNCgkJCXsNCgkJCQlKT3B0aW9uUGFuZS5zaG93TWVzc2FnZURpYWxvZyhudWxsLCAiRW50ZXIgVGhlIEZpbGUgTmFtZSIpOw0KCQkJCQ0KCQkJCQ0KCQkJfQ0KCQkJZWxzZQ0KCQkJew0KCQkJCVN0cmluZ1tdIGRzbiA9IHsgIlNlbGVjdCIsICJDUzEiLCAiQ1MyIiwgIkNTMyJ9Ow0KCQkJCQ0KCQkJCSBrZXl3ID0gKFN0cmluZykgSk9wdGlvblBhbmUuc2hvd0lucHV0RGlhbG9nKG51bGwsDQoJCQkJCQkiU2VsZWN0IENsb3VkIFNlcnZlciIsICIgQ2xvdWRTZXJ2ZXIiLA0KCQkJCQkJSk9wdGlvblBhbmUuUVVFU1RJT05fTUVTU0FHRSwgbnVsbCwgIGRzbiwgIGRzblswXSk7DQoJCQkJIA0KCQkJCSBTdHJpbmcgaXAgPSBKT3B0aW9uUGFuZS5zaG93SW5wdXREaWFsb2cobnVsbCwiRW50ZXIgRGF0YSBTZXJ2ZXIgSXAgQWRkcmVzcyIpOw0KCQkJCQkNCgkJCQkJU29ja2V0IGcgPSBuZXcgU29ja2V0KGlwLDQ3NDcpOw0KCQkJCQlEYXRhT3V0cHV0U3RyZWFtIGQgPSBuZXcgRGF0YU91dHB1dFN0cmVhbShnLmdldE91dHB1dFN0cmVhbSgpKTsNCgkJCQkJZC53cml0ZVVURihmaWxlKTsNCgkJCQkJZC53cml0ZVVURihrZXl3KTsNCgkJCQkJDQoJCQkJCQkJCQkJDQoJCQkJCURhdGFJbnB1dFN0cmVhbSBkaXMgPSBuZXcgRGF0YUlucHV0U3RyZWFtKGcuZ2V0SW5wdXRTdHJlYW0oKSk7DQoJCQkJCQ0KCQkJCQlTdHJpbmcgbXNnID0gZGlzLnJlYWRVVEYoKTsNCgkJCQkJU3RyaW5nIHNrID0gZGlzLnJlYWRVVEYoKTsNCgkJCQkJDQoJCQkJCWlmKG1zZy5lcXVhbHNJZ25vcmVDYXNlKCJrZXkiKSkNCgkJCQkJew0KCQkJCQkJSk9wdGlvblBhbmUuc2hvd01lc3NhZ2VEaWFsb2cobnVsbCwgIkdvdCBTZWNyZXQgS2V5Iik7DQoJCQkJCQl0My5zZXRUZXh0KHNrKTsNCgkJCQkJfQ0KCQkJCQllbHNlDQoJCQkJCXsNCgkJCQkJCUpPcHRpb25QYW5lLnNob3dNZXNzYWdlRGlhbG9nKG51bGwsICJGaWxlIERvZXNuJ3QgRXhpc3QiKTsNCgkJCQkJfQ0KCQkJCQkNCgkJCQl9DQoJCQkJDQoJCQl9Y2F0Yw==', '-5e4bafb97f9c6c53c37e2790a6b50489cf3d7a31', 'IChFeGNlcHRpb24gZSkgew0KCQkJCS8vIFRPRE86IGhhbmRsZSBleGNlcHRpb24NCgkJCX0NCgkJfQ0KCQlpZihvID09IGIyKQ0KCQl7DQoJCQkJCQkNCgkJCSBTdHJpbmcgdXNlciA9IHQxLmdldFRleHQoKTsNCgkJCSBTdHJpbmcgZmlsZSA9IHQyLmdldFRleHQoKTsNCgkJCSBTdHJpbmcgc2sgPSB0My5nZXRUZXh0KCk7DQoJCQkgdHJ5DQoJCQkgew0KCQkJCQlpZihmaWxlLmVxdWFsc0lnbm9yZUNhc2UoIiIpIHx8IHNrLmVxdWFsc0lnbm9yZUNhc2UoIiIpKQ0KCQkJCQl7DQoJCQkJCQlKT3B0aW9uUGFuZS5zaG93TWVzc2FnZURpYWxvZyhudWxsLCAiRW50ZXIgVGhlIEZpbGUgTmFtZSAmIFNlY3JldCBLZXkiKTsNCgkJCQkJfQ0KCQkJCQllbHNlDQoJCQkJCXsNCgkJCQkJCSBTdHJpbmcgaXAgPSBKT3B0aW9uUGFuZS5zaG93SW5wdXREaWFsb2cobnVsbCwiRW50ZXIgRGF0YSBTZXJ2ZXIgSXAgQWRkcmVzcyIpOw0KCQkJCQkJIA0KCQkJCQkJIFNvY2tldCBjbjIgPSBuZXcgU29ja2V0KGlwLDk5OTkpOw0KCQkJCQkJICBEYXRhT3V0cHV0U3RyZWFtIG9vczIgPSBuZXcgRGF0YU91dHB1dFN0cmVhbShjbjIuZ2V0T3V0cHV0U3RyZWFtKCkpOw0KCQkJCQkJICANCgkJCQkJCSAgb29zMi53cml0ZVVURih1c2VyKTsNCgkJCQkJCSAgb29zMi53cml0ZVVURihmaWxlKTsNCgkJCQkJCSAgb29zMi53cml0ZVVURihzayk7DQoJCQkJCQkgIG9vczIud3JpdGVVVEYoa2V5dyk7DQoJCQkJCQkgIA0KCQkJCQkJICBEYXRhSW5wdXRTdHJlYW0gZGluID0gbmV3IERhdGFJbnB1dFN0cmVhbShjbjIuZ2V0SW5wdXRTdHJlYW0oKSk7DQoJCQkJCQkgIA0KCQkJCQkJICBTdHJpbmcgbXNnID0gIGRpbi5yZWFkVVRGKCk7DQoJCQkJCQkgIFN0cmluZyBjb250ZW50ID0gIGRpbi5yZWFkVVRGKCk7DQoJCQkJCQkgIA0KCQkJCQkJICBpZihtc2cuZXF1YWxzSWdub3JlQ2FzZSgic3VjY2VzcyIpKQ0KCQkJCQkJCXsNCgkJCQkJCQkJdGEuc2V0VGV4dChjb250ZW50KTsNCgkJCQkJCQkJCQ0KCQkJCQkJCQlTdHJpbmcgc3RyID0gdGEuZ2V0VGV4dCgpOw0KCQkJCQkJCQlGaWxlT3V0cHV0U3RyZWFtIGZvcyA9IG5ldyBGaWxlT3V0cHV0U3RyZWFtKCJFbmRVc2VyLyIrIGZpbGUpOw0KCQkJCQkJCQlmb3Mud3JpdGUoc3RyLmdldEJ5dGVzKCkpOw0KCQkJCQkJCQlTeXN0ZW0ub3V0LnByaW50bG4oIlJlY2VpdmVkIFN1Y2Nlc3NmdWxseSIpOw0KCQkJCQkJCQkJICANCgkJCQkJCQkJIEpPcHRpb25QYW5lLnNob3dNZXNzYWdlRGlhbG9nKG51bGwsICJGaWxlIERvd25sb2FkZWQgU3VjY2Vzc2Z1bGx5Iik7DQoJCQkJCQkJfQ0KCQkJCQkJICBpZihtc2cuZXF1YWxzSWdub3JlQ2FzZSgiZmFpbHVyZSIpKQ0KCQkJCQkJCXsNCgkJCQkJCQkJSk9wdGlvblBhbmUuc2hvd01lc3NhZ2VEaWFsb2cobnVsbCwgIkZpbGUgTmFtZSAvIFNlcmV0IEtleSBNaXNtYXRjaCBcbiBZb3UgQXJlIEFuIEF0dGFja2VyIik7DQoJCQkJCQkJfSANCgkJCQkJfSAgDQoJCQkJICANCgkJCSB9Y2F0Y2goRXhjZXB0aW9uIGUyKQ0KCQkJIHsNCgkJCQkgZTIucHJpbnRTdGFja1RyYWNlKCk7DQoJCQkgfQ0KCQl9DQoJCQkJDQoJCX0NCglwdWJsaWMgc3RhdGljIHZvaWQgbWFpbihTdHJpbmdbXSBhcmdzKSB7DQoJDQoJCW5ldyBFbmRVc2VyKCJhIik7DQoJfQ0KfQ==', '58da54c74f0a61d18c667765076f8fc510aa9e94', '[B@1dae160', '07/09/2021   12:03:39', '6584', 'Shared', '3');
INSERT INTO `cloudserver` VALUES ('30', 'Cloud.txt', 'Roja', 'cloud', 'Q2xvdWQgY29tcHV0aW5nIGlzIGFuIGluZm9ybWF0aW9uIHRlY2hub2xvZ3kgKElUKSBwYXJhZGlnbSB0aGF0IGVuYWJsZXMgdWJpcXVpdG91cyBhY2Nlc3MgdG8g', '5f38b85a523fca7611f503bb119f312731c5d745', 'aGFyZWQgcG9vbHMgb2YgY29uZmlndXJhYmxlIHN5c3RlbSByZXNvdXJjZXMgYW5kIGhpZ2hlci1sZXZlbCBzZXJ2aWNlcyB0aGF0IGNhbiBiZSByYXBpZGx5IHA=', '-6542b1e859f2915919097cfcc5e288364a3c42c1', 'b3Zpc2lvbmVkIHdpdGggbWluaW1hbCBtYW5hZ2VtZW50IGVmZm9ydCwgb2Z0ZW4gb3ZlciB0aGUgSW50ZXJuZXQuIENsb3VkIGNvbXB1dGluZyBUZWNobmlxdWU=', '4f1e01fbcf92301fcd33ae65c0a8cf34245b5c10', 'cmVsaWVzIG9uIHNoYXJpbmcgb2YgcmVzb3VyY2VzIHRvIGFjaGlldmUgY29oZXJlbmNlIGFuZCBlY29ub215IG9mIHNjYWxlLCBzaW1pbGFyIHRvIGEgdXRpbGl0eS4=', '2456cf8104ea5c4c0610bba9288655e7cfa05e20', '[B@14f79cb', '30/09/2021   17:49:31', '375', 'Shared', '1');
INSERT INTO `cpu_speed` VALUES ('1', 'Kaviraj', 'CloudServer.java', '06/09/2021   18:18:20', 'Upload', '639604100');
INSERT INTO `cpu_speed` VALUES ('2', 'Manjunath', 'DataOwner.java', '07/09/2021   12:03:09', 'Upload', '15600100');
INSERT INTO `cpu_speed` VALUES ('3', 'Manjunath', 'EndUser.java', '07/09/2021   12:03:39', 'Upload', '15600100');
INSERT INTO `cpu_speed` VALUES ('4', 'Roja', 'Cloud.txt', '30/09/2021   17:49:31', 'Upload', '124800800');
INSERT INTO `downer` VALUES ('6', 'Kaviraj', 'Kaviraj', 'Kaviraj.123@gmail.com', '9535866270', '#8928,Rajajinagar,Bangalore-21', '05/06/1987', 'Male', '560021', 'Bangalore', 0xFFD8FFE000104A46494600010100000100010000FFDB008400090607100E0F1510101010100F100F0E100F0F0F100F100D10101414161614141414181C2820181A251B141422312125292B2E2E30181F3344332D37282D2E2B010A0A0A0E0D0E181010172C2420242F2D2C2C2C2C2C2C2C2C2C2C2C2C2C2C2C2C2C2C2E2D2C2C2C2C2C2C2C2C2C2C2C2C2C2C2C2C2C2C2C2C2C2C2C2C2C2D302CFFC000110800EA00D703011100021101031101FFC4001C0001000203010101000000000000000000000102030506040708FFC400471000020102020606060508090500000000010200031104210506123141711351618191B107325272A1C114222353D116334382A3C2D2F01524424462639293B217548394D3FFC4001A010100030101010000000000000000000000010203040506FFC40032110100020201020306050305010000000000010203111204213141510513142261D132527181A191B1F04262C1E1F123FFDA000C03010002110311003F00FB8C0404040404040404040404040404040404040404040404040404040404040404040ABB8504B10A0664920003B4C0E771FAFBA270E48A9A430B71BD52A8AAC0F5109737EC81ACFF00AB7A0FFEF4FF00EAE37FF940F768EF48DA1F11F9BD2187049B0158B61CDF9550B03A6A5555C06560CA77329054F22205E020202020202020202020202020202020202020433002E4D80CC93900207CAF5CFD2EA522D47472AD67193629F3C3A9FF002D47E739E43DE91B5A2AF9169BD318AC7B6D62F1156BE77D976FB21EED31651DC2369E2D68C3AC6CE27D1C46CE28FA388D9C5B1D09A5715806DBC2622AD037B95A6DF66DEF533756EF11B4717D67543D30AB914B4920A64D80C55107A2BFF994F32BCC5C76011B38BEB142B2D450E8CAE8C032BA10C8CA7710464449557808080808080808080808080808080808081F0AF4BBAFE71151F47E15ED87A64A626A29CEBD41EB5307EEC6E3ED10780CEB32DA94F37CEB47606B6298A50A4F59954BB2D35DA214713FCE72B3311E2BF17999AC482082090410430237820EE3071474907136E49C53B7211C4DB9268DB838BADD44D7EC468970B9D6C1B35EAE1C9CD6FBDE893EAB71B6E6EC276822516A6DFA2B44E93A38CA0988C3B8A946A2DD187C411BC106E08398225D8CC69EC8410101010101010101010101010101038FF4A9AC8746E8E76A6DB388C41E82811BD59812CE3DD50C476DA56D3A85F1D794BE01AAFAAD5F4955E8E90D9A6B6E96BB0269D31FBCDD4BE5BE636BE9D7A7DDB56F57E868EA228D05B0C8BD46B1AB55FDA73F2DC26133369EE9F079F59353307A485EB53D8AD6B2E229592B0EAB9DCE3B181EE96ADA6112F94EB0FA3BC6E00974418BA033DBA484D451FE3A7991CC5C4D62FB439BA5D1BF017E43E065B68D21F0897B5CA9E7F8C6C62A98261BB31D9BE4EC79CA1ED8DA4D831B1DB7A2DD746D1589E8EAB1381C4301581DD45CE42B2F55B20DD633DE0498B33C94E51D9FA494822E0DC1CC11B889A3993010101010101010101010101010103E51AF9A16B698D2694C934F0584A566A9C5AA39BB8A6371365A79EE1F09C79326E5D98E9AABA7D15A36961692D1A0829D341928DE4F124EF24F12665E2D1EF512D0AB201250B81255735AC7A8B81C7DD9E9F455CE7D3D0B25427ADC6E7EF17ED96EE9DBE6DA7BD1DE3B0B734D463280CEF481E99476D3DFFE9263698987274E900FB25DE98DAD97BA966A67B578DBAB7C724E9B3C66AEE29698AC29AE270E776230A7A54FD6B0DA4238865168E469A3E8C1DD988E4691D14721F7EF433A7CE2B0070F51AF5704569DC9BB1A0C0F444F2B32FEA09D18EDB87365AEA76FA04BB22020202020202020202020202061C5D4D8A6CDC429B73E1297B71ACCAD48DDA21CDA09E7C3D0967512F0A4B2A896856595525B4ACCAE124E95DA7624E8D852346DA9D35AB784C68FEB1411DAD6152DB3587275CE44C262DA7247502BE0AA1ABA371AF458EFA7585D1BA83102C47353293130D22DBF15317A28E232D25A2FED0EFC668F2AC58F5B229DBF10DCA552D3E3FD1A311B784ADB4A45C53C4A3D2A9E36F351096CBD14E88C5E074932D6A2E94EAE1AA216C9A917564643B4A48BD83DB999A61B7CDA679ABF2EDF619D8E3202020202020202020202020207874CB5A91ED651F1BFCA639FF036C1F8DA549C70EB967A62F2F0A4BD08B2F10CE65944B2A992108204484AAC242586A2CACC2F12C1C65174610DAAA7BE078E514ED782FDE92E927A0E0202020202020202020202020207874C8FB2E4CA7E5F398F51F81B60FC6D2A4E3875CBD74C5A690CA59565D56412554C941010224255684A8D2B2B3CEC33949F15E3C14C30BD55F7C79C8A7E384DFF0004BA49E838080808080808080808080808081831D4F6E9B0E3B248E6331E52992375985F1CEAD12E7A89CE7055DD67AD6690CE59019685590196553084C909020C0A13216518CACA6189F75E565684E89A7B5581F6413F2F9C9C11BB99A7546FA773888080808080808080808080808081CEE328F45548E04ED2F233832578D9DD4B72AAEA620964532CAAE0CB2AB032509BC05E0549902A4C8598C9954B1625AC2D2B69F25EB1E6D9E87A1B29B477BE7FABC3F9ED9D3829AAEFD5CD9EDBB6BD1EF9BB1202020202020202020202020202079348E13A54CBD65CD7E6265971F38FAB5C57E33F46929BDB23911967E538E27C9D731E6F4032EA2E1A4A16064ED1A4DE36845E3694168D9A509954A1D828CE2674988DAB81C31ACF73EA03763D7D918E9CEDDFC1392FC23EAE8009DCE1202020202020202020202020202020733ACBAE543044D35FB6AFC69A9B2A7BEDC396F99DF2455C5D4F5D4C3DBC67D3EEE3686BABD4AC5B108811AC2F494DD3B4E7F5A725E794ED8F4BED9B56FACB1F2FD3CBEEEBB0D8A5750CAC1948B86537044A44BE8AB35BD62D59DC4BD4AE0CBC4A2616BC94276A3668BC6CD10313D6037672B36884C5665E7A35A9D4AC2935545722FB2594391D8BC62959BCA97CF8F1CF0DC72F4F374D4692A28551603F9BCEFAD62B1A872DAD369DCB24941010101010101010101010101010390D73D663441C3E1DBED88FB471FA30780FF1794E6CF9F8FCB1E2E1EAFA9E1F253C7FB7FDBE6CF46F99CC9249273249DE499C7CDE24D1E6AB4ED348B6D9DABA7A746E96AD86FCDB594B6D32100AB1DD9F1F09331B6FD37599BA79FF00E73DBD3CA5D56035BA8BE5555A93758BBD3F8663C2578CBDFC1EDAC37ED9226B3FD63EFF00C37B85D254EA7E6EAA37BAE09F08DCC3D3C79B165FC1689FD25EA15CFF0022394B5E2ABE26DBDAC3B6C2394A26223C5ABC6EB061A97AD5558FB29F68DF0DDDF1DE5C797DA1D362F1BC6FD23BFF006FF9737A4F5B6A3DD68AF46BEDB58D4EE1B87C64C55E3753EDAC97F970C718F59F1FB47F2D0230637249726F7249627AEFD716DC3C98F9A7733DDDDEAA6B8B53228E29B690E4959BD65EA0E788ED9B62EA3CACF5FA5EAE63E4C93FBFDFEEEF7E94BBEE2D3ADEA31BE91A4BBEA20E6CA3E703CEFA7B0CBBF114473AA9F8C0C4759709F7F4CFBA76BCA057F2970E773546F768576F258153AC74F852C4B72C3D41E6040A36B20E142BF7F409E6F0319D627E1866FD6AD871E4C4C0A9D60ABC28D21EF567F95393A151A7EB8CCD1A6E3D9A355CD4B7607450C7B2F1A1B9D1FA452BA07437561707E44703207BC404040D2EB4699184A3F56C6AD4BAD31D5D6C7B07E131CF97DDD7EAC3A8CDEEABF5F27CC581625892492492779277933C99B6DE2CF79DCB1D501412770935DCCE95B6A2372D45472C6FE03AA75C46A1C969DC81236888645A72BB5A2AB745D923927843282C37330E4C646DAC5AF1E133FD54742DBC93CCDE3929689B78F751A9CB6D5E2C229176B0EF3C009A52B369D36C3D3DB2DB8C3A7D17AB88143D5B8BFAAA2DD2376927D51FCF5DBB231D63C9EE62E931638ED5DFD65B35D1B871FA21DED509FF0095A5B8C479378A563C2193E8B4BEEA9F782DE664ACBAD1A63753A43952A7F840C8AD6DC147BAAA3C840BF4CDED37898152E4EF24F3378117813780BC09BC00681B1D5F366AD6F57E955B67AB85EDDF79097554F740B40AD5A8114B31B2A82493B80104CE9F2AD35A44E2EBB543EAFAB4C7520DDF8F7CF1B364F796DBC3CD97DE5E6DFD1E30262CDACD2956E420E199E7C3F9ED9D386BDB939B35BBF1795126B32CE2199525265A4432AA4AED6885C24AED6D2762366905236698AAAE526251A7AB57F0DB7540B5EEDE36DDF19E874D1F2EDEBF414D526DEAEB6BB82C6DB864BEE8C84E87729780BC05E02F026F01780BC09BC05E02F032E1CFD60782FD63C9733E5036BAB543668A5F7B03518F59725BE7212E99465026072FAFDA47A2A028A9FAD58D8F5F46B9B78E43BCCE6EAAFAA6BD5C7D6E4E34E31E7FD9C0219E5CBCA5F6AC2F2BA4B4A4ED3163C4933B7C234E3F19DB3224A4CAF10CCAB2932D221902CAED2B0591B4A76636691B31B34C15C652D129886DF55A9D98B7B085BBF361F1027AD8635487B7D3D78E3AC36B79A362F026F01780BC05E04DE02F01781378174427B2065AB9527B6F2A107BCE42F95E074FA32900001B8000721212DAC040F966BDE3BA4C732DF2A488807691B47FE43C270753DECF13ADC9BCDAF4FF00D6951E71CC39E25B2C168AA9881EC211EB91BC7F8471935AF7DBBBA7E832678DF857D7ECD5E3B46BE1DF61C65FD971EAB0EB1F84DA65C7D47497E9EFC6DFB4FAA88B33996710CAA2566565C0954AE048DA4B48D8112763C98997AC6E74B56BB9D37FA157668BB7B4CAA396FF00DD3E33DBD69EF446BB3D37921780BC09BC05E405E04DE02F02E884C0CC88040BDE0580B9A4BED56DA3CA9ADC7C4C0EB700961212F6C040F986B26AED7ABA42B382AB4DD91B6D8DFF00B0A080A333BBB270E6D72979993D999B367B5E35159F39FD3D3FF1EDD1FA06951B13F68FD6FEA8E4BBBCE61A7ADD3FB370E1EF3F34FD7ECDCA529688774CA98CD1E95D0A38B83B8F153D60F5CB71619F15335385E1C4E92D1AF867D96CD4E68FC187E3D930B44C3E67A8E9AD82FC67C3CA7D5E7513362B812A9580813684A1840F1D4F5A74F4D5DE487474D5DE48749864D9A14D7AEEE7BF21F10D3D67AE9B490B404040409009E10322D23C728195500902D780BC09BC0F5E0576AB81F774478D43B5E50975B855B09033C040D4E9CC35C0A83864DCB819CDD453B7274F4F7FF4B5949672C43A265EA449AC4339965092DA576F3E3B0295D0A38B83E2A78107AE56D5898D4B3CB8EB96BC6CE1348E8F7C33EC3660E68FC187E3D938AF59ACE9F3B9FA7B61B719FDA7D5E7128C56121299028F2612F352A65DEC33B903C4CEFE8ABF34CBB7A3AFCD32EB6BD12085B64AAABC8DAE478933D17A2C7D09EA80E80F579409FA3981230FDB02C2881C205B6602D016811680B40954B903AC81E30365A0D76AA557E0D57647BAA32F33097554858481780810CA0820E608B11D922637D889D3455B0C693ECF0DEA7AC4E2B538CE9DB5BF28DB224B42B2C925555A2530F0692C2256428E32E078A9EB132BD626352AE5C35CD4E367118BC2B51728DBC6E3C187022715ABA9D3E73361B61BCD2CC425592640C558E526130F5EADD0DBACB7DC5F3E427ABD1D754997A7D1D75499752E2E49EB24F8CEB75A362046C408D8811B1023620362046C408D880D8811B302F4858ED7B2ACDE032F8DA06CF5629FD8A1F6817FF5127C88909748B0260202061C5501516DC7783D4652F4E50B52DC65AAB15363911397C3B4BA7C7BC2FB52DB469566913298879EAB4CE657886974ED00F48B7F6906D03D9C4784C3246E1CBED0C317C336F3AF7FBB97139DF369BC0C188394B4261D06A6D1BED3FB34C8EF627F09ECE0AEB1D61ECE0AEB1C3A1E8A6AD5069C08E8E04747023A3811D1C08E8E04747023A3811B1024502781F0CA07971C76BFAB5337AB5727233094F893D9E66DD598757A370E114002C00000EC1909096C20202020206AB58AB2D1A0D5CA93D1ECED6CEFD92C01E7606FDD31CD5EDB45B3FB9ACDA6370D7E171895503A30653B88F2EC339B93B31DEB92B16A4EE176A92265A69E7A952526578869B4E6395699A6A435473B3B2B9B01C6E07877C89C77B47687175F79F7534A7799EDFA434B4F015DBD5A158FFE3603E224D7A3C93E3A878B5E8B24F8EA17FE8AC57DC30E654799136AF435FF00559B57A1AF9D90FA1AB1F590FF00B9417E666F5E9B157C9BD7A6C55F26C357B16306E52B0D9A7500B36D065522F9161CE6FA6FE0E8DB48E187F78A36ED75BF9C0C2DA63083F4E87DD05BCA0626D3B851FA463CA93C0C6DA7F0FC16B3724B798811FD3887D5C3E21BB96DE7020E9773BB0753BC91F38143A52BF0C2A2FBD53F1102A748E2BD8C3AFBCCA6050E3F15F79865E57FE28189B1F5B8E3292F207E7030B62CB64716F50FB3469A96EEB0BFC206FF00547463A9AB51A9BA239A7D18ABF9D246D6D137CED9AEF84BAB45B48168080808081E2D3784E9F0D56971A94AA28F78A9B7C6D2B68DC4C32CD4E78ED5F587C6346E91AB40ED5362B7F5977A9E6279D2F9FE9FA9C9867749D7F9E70E868EB5B11F5E9027AD5AC3C08F9CACCBD9C7ED99D7CD4FE92A62358EA30B2284EDBED3777095999572FB5F25A3548D7F32C9A17583E8C18352E919D8B1AA1B66AE76C8920DF74ECC5D4D22B116462EB69C639CCEDB17D6AA6DBE955BFBE866BF138BD5B7C5E2FCDFDDE77D6343BA83F7D551FBB23E2B1FAA3E3317AFF0C0FA7C1DD4077D527C944AFC5E3FAAB3D6E2FABCD534C93FA1A5DE6A9FDE91F194F49567AEC7E92C074A11BA9501FA8C7CDA3E32BE8ACF5F5FCB2C6DA62AF552FF006A9FE123E2FF00DAA4FB463F2FF257D2D59141DB00B6765445B0EE1CA4FC4CFA22FED09AD6278F8FD5D36A868EA98EA06B55C45741D23220A6CA2E140B9CC75923BA6F8EF368DCBABA4CF6CD4E531AEEDEFE49523BEBE29B9D55F92CBBA971AA385E3D3373AF53E46362E354F05F74C79D6AE7F7A0645D59C10FEEE87DEDA6F33032AE80C18FEEB43BE921F31033A68BC3AEEA14472A54C7CA07A69D355C95428EA000102D0101010101010103E2DADDA3FE898DA896B239E969F56C39272E4DB43BA7164AEACF99EAF1FBACD68FDE3F76B51E6130CE25995E5261789640D234B6D70D2BA4ED3B51A4A36A34854B49D1B519E5A215995298DB603C79719688456394E98F1754D47B28BE61500E2770B7333488572DF9DBB7E90FB5680D1FF44C2D2A1C5106D11B8B9CDCFF00A899DF5AEA34FA3C18BDD63AD3D1B0966C404040404040404040404040408BC0E57D2068338BC3F494C5EB50DA65037BD33EBAF69C811CBB665969B87075FD3FBDC7CABE31FE4BE4EAF3934F9F89655A92B30BC59955E534BC5971524696E49E92468E483524E8E4A9A92748E4A8258D80B9EA968857BCCEA135AA8A6A514DD8FAEC370EC12D10B5AD148E31E3E6E97D1CE8335EBFD29C7D9503F52FB9EB70B762EFE76ED9BE1A6E76EAF6774FCEFEF27C23C3F5FF00A7D4EF3A9EF2602020202020202020202020204181526056F03E73AEFAA2CACD8AC32DD0DDAB51519A9E2E8388EB1C396EE7C98FCE1E2F5DD0CC4CE4C71FAC7FCC3850660F2560F2349DAC2A48D27927A48D27906A468E4815071BF765F18D1CA3CD638836B280A38DB79E664E9339275A8ECD9EAD6AF55C7D4B0BA51523A4AB6C80F657ADBCA694A4DA5B74BD2DB3DBB768F39FB7D5F5FC06169D0A6B4A92ECD3416503CCF59ED9D711111A87D1E3A56958AD63B43D40C95D610260202020202020202020202054C0A98158106072FA7B5330F8A25D3EC2A9CCB200518F5B27CC5A676C5167067E831E59DC769FA7D9C7E2F51B1887EA74554702AFB27BC35ADE3319C3679D7F66E68F0D4FEEF19D54C68FD0FED297F148F756F467F01D47E5FE615FC97C67DCFED297F147BABFA1F01D47E5FE60FC97C67DCFED297F147BABFA1F01D47E5FE61968EA86358FE6D17B5AA25BE1731186C98F677513E511FBBA1D11A848A43626A749FE5D3BAA77B6F3DD69A570C79BB70FB2EB1DF24EFE91FE7D9DC61682D35088AA88A2CAAA00503B04DE234F52B58AC6A23B3D02165C40B081680808080808080808080808106054881168152205196061748181E9C0C269400A503325381E84481995605C0816020584098080808080808080808080808110220440A9818DA0636818CC090205D60655819040B08130260202020202020202020207FFD9, 'Authorized');
INSERT INTO `downer` VALUES ('7', 'Manjunath', 'Manjunath', 'tmksmanju13@gmail.com', '9535866270', '#8928,Malleshwaram,bangalore-40', '05/06/1987', 'Male', '560040', 'Bangalore', 0xFFD8FFE000104A46494600010100000100010000FFDB00840009060710100F1010101015160F160F10100F1210101010100F0E1615171715111516181D2820181B2627151522312125292B2E2E2E171F3338332D37282D2E2B010A0A0A0E0D0E1B10101B2D252022372D2B2F2D2D2F2B312B2D2D2E2D2D2B312D2D2F2B2D2D2D2D2D2E2B2D2E2B2D2D2D2D2D2D2D2B2D2D2D2D2D2D2D2D2D2D2DFFC000110800CC00CC03012200021101031101FFC4001C0001000105010100000000000000000000000502030406070108FFC4004210000103020206070504090305000000000100020304110521061231415191071322617181A123324252B1144382C1153353627292B3D1F063C2E108243474B2FFC4001A010100020301000000000000000000000000030401020506FFC4002811000300020103040104030000000000000001020311120421310541516113223271C1141552FFDA000C03010002110311003F00EE28888022220088880222200A99646B5A5CE2034025CE710035A36924EC0BD738004936005C93B005C3F4D74A24C5A57C10B8B70C8DFAB76937AD91A73713FB30760DF6BF84D870BCB5A46B54A56D9B169274B2C0E74386C3D7B81B3A7792DA769FDDB66FF41E2B42C574A3169EE66AF7C60FC14DEC40F02DED7AA94C2700967222A78F66D2059AC0B3717D0B9299BAD2664EFDABA718F0E37C7B6FEFC95DE4A7DFD8E7356F95D9BA699E78BE691D9F1CCAC58714A988FB3A89D878C7512B3E856C55F4C05D6B55EDB1567484D6CDB700E92F17808F6C2760F82A00248E01E2CEF3CD75BD0CE9229710736191A69EACEC8A4702D90FFA4FCB5BC2C0AF9E289C45ADC94E538648DB3B71BF0731C3610771EF55F274B8ED78D336FC8E4FA851737E8B74DCD4FF00D8D4BCBA76071A79DD97DAE26EDF17B77F119F15D2172326378EB8B274F6B61111686422220088880222200888802222008888022220340E9871C30D2328E375A5AA718DC46D6D30CE5779821BF8973CA18DB1B1A1A2C000D68E0B27A4AC43ADC6A6CEED8228A9D9DC6C647F9DDF6F20A18D6D8B45FBD76BA6C7C71AFBEE54CCF6CED1A25574D052346B00ECCBEFB495AE69B692366EC33DC1EBDEB46FD2C40B5D45D76277BE6B33D34ABE6FC9A3BA6B89E62952335ABD5C9772C8ADAC2E360B01582489D17E99F62A49AE2731B2DDA0322F6F050E0ACFA59D0523648AA5CD11CB0102589CD9A03B83DBB0781191EE2BE85D1DC5995B490553326CB135F6DEC77C4C3DE0823C97CCF453DAE3838DBC0E7F9AEB9D06E21AD4D554C4FEAAA4B9838472E7F50E54BAEC7B8E5F06D85E9E8E9A888B9258088880222200888802222008888022220088880F98B4AAA09C46BDC769AC97D2CD1F45052D690EF20A5F4D6331E275EC3BAAA43E21D6703EAB5B94E657A18FD8BF84576BB996EC40AC69677395A4591A4117A02BD1C6B296C37A28646AFB2257A38964322534E322AB2CC65C3615D2FA09908ADAB6EE7D335E7C592003FA8573F6C2BA4742501FB654BF70A50D3E2E91A47FF2545D646B05318EF768EC8888BCD974222200888802222008888022220088880222203E73E9A693AAC6653BA58209872319F58CAD09CBB0FF00D42D076A86A40DD2D3B8F27B3FDFCD71EB2EE74D5CB1490D793C44553029CC172262CC8A356E162CE858A7C7241747B1C6B29912AA28D65C712B71056AB2CB615D57A1AA2D58EAA5B7BCF8E31DE1809FF7AE72C85768E8EE8FAAC3A1E2F2E94FE2397A00A8FAAD29E9F5F2D2FEFF00A24E97F564FE0D951117983A6111100444401111004444011110044440111101A2F4CF86F5D84C8FB670C914DE0C0E0D7FA38F25F3F55D6BB5CB5A00683603541C97D6788D1B27865824178E489F13C7163DA5A7EABE609B0C7D2575452CC3DAB3B3723DE03DD78FE2041F35D3E86F72E4872AF7209D203EF36C788C95513381FEEA62A6307685846003664BA32BB9172EC550B567C2D58908521005771A2BDB326162CE86356206A9181AAC37A4556CAE2809B01B4D80F13B1776A0A71145146363236307835A00FA2E5DA1B85F5F54CB8EC33DAC87765EE8F336F55D6179DF56CBCAA63E3B97FA29ECE82222E4178222200888802222008888022220088880222200B9974CFA2FD6C231385BEDE9DBED80FBDA506E6FDEDB93E04AE9AB1B13A66CB04D1385DAF8A48DC38B5CD208F55262C8E2D5230D6D68F981D287B439BB0FF9658EE51B4F33A225A7712D70EF1912392CE12822E17A19F25473A2F45B567C0A3612A4202AEE32B59254EA4E95A49000B939003692A2A9AE48005C936006D256C1A2150D76314948D20B9AE7CB50E198698E3738463CF56EB3D4E558E1D3228C6EEB48EADA25837D969C070F6AFB3E5EE3B9BE5FDD4DA22F1F92DDD3AAF2CEC4CA95A41111686C1111004444011110044440111100444401111005E3F61F02BD5AB699699D2D153CD69A3755756E10C2D7873DD21166920661A2F724ADA21D3D230DE8F99F13FF00C89FFF00626FEA395744CD7C9A7B7F2936D6F03C57A2989CCE676927693BCAB82957A350D159D23359413B76C4FF0026923D14A61984554C6D1C0F3C496EA340E25CEB0014652D55445FAB99EDF07957AAF14AC99BA9254CAE67CA5E4379052AAC8BC6885A96486318A4744D74303C495846ACB333B51538F89919F89FBB5B766B33A0E6EB63209398A5A877892583F32B5034BDCB61E8F7138F0FC4A1A99491081247290D2E2D63DB6D6B0049B10D39705075117715EEF44B8DCCF83E97451D84E3B4956DD6A6A88E51FE9BDA48EE23683DC548AF3AD35D996C2222C0088880222200888802222008888022C6C4710869A374B3C8D8E268BB9EF70680B9469474CC338F0D84BB775F3B4B59E2D8F227F15BC14B8F0DE4FDA8C3691D66B2B22858649A46B2302EE73DC1AD03BC95CDB497A66A487599451BAA1E32EB0DE2801EE246B3BC85BBD71AC6B19ABAC7EBD5CF24AEDC1E6CC6FF000B059ADF20B003174317412BBDF723793E0D9B1AD3CC4AB4912D4B9B19FBA83D8C607036ED3BCC951105B80CCDCF79E24AC463564C6BA58A263B25A20B7B24A2841192BC2996253C841B85314B531BB27764FA2B4922AD368C4FB32F7ECDDCA69B4648BB6C477154C94E1A2EF200F55B691A7E4214D32C1AB20643CD4857568376B321C779514F5A512C6FDCC50E731C1EC716BC6C731C5AE1E6335B868EF4A789D210D95E2A61F966CA503F764199FC575A939AAD962A9930CDFEE4599BD1F43E8BF49D875716B0C9D4541FBA9FB209E0C7FBAEF0BDFB96E80DF31B17C82F881DAB61D1CD36C470F2043505F10DB04F79232380BE6CF22173B2FA7FBC3259CBF27D3C8B9D68AF4B745545B155034D39B01AE75A07BB809377E2B2E88D7020106E08B823304715CEBC750F54B44A9A67A888B43211110044440146E91635150D2CB5537B91B6F61EF3DDB1AC6F79360A49727E9D311CE8292FD97492D4483888C0118237825C7F954B831FE4C8A4C53D2D9A74AEAEC76A83E6B9B9F630349EAA06F00379E2E39A96C5B40E4A4607481B63F29BACBD03C59948ED72DBDDB63C549E95E93FDA40681660D83BD7635736A657E928D5A69B6FB9CC312A102F928A112D87117175C3413E0147368A4F90F257A64D557630446AE358B34513FE43C955F6477CA791522830ECC5685742BBD41E07915E88D48A4D1B3D86A1ECF75C47815E4F3BDE6EF7127BD55D5A756B3C4C6D18C42A0B166756BCEAD63819E46118D506359C635498D6AE0CF323DD1AB6E8D483A2569D1A8EA0DD5186E841162B7FE8A74DE5A4A88E8AA1E5D472B8470971B9A694FBA01F90ECB6ECADBD696E8D635536CC71CC102ED236870CC1077283360570D3248BD33EB9458783D5F5F4D04C3EF208A5FE76877E6B317996B45D088880222200B81F4D955AF8C46C1F754918F3739EEFCC725DF17CDDD22D475B8CD6BB6EA39910F06B07FCABDE9D3CB311E57A930A9311B05764C46FDEA318C59D85B1A6789AE00B49370761C97A0E097739EF457FA41DB9A005532AA576CF46DD6D915344DF76360F06341FA2BA5152F822766A8CEBCEE77F2FFC2BA1936FBF20B6178561F113B8F25227F468EC87F69BCFA04ED6F03929275238FC27920A17FCAA4DC9AF2230C7FBA3CB2541807052FF00617F0F50BC342FE1EA167948E4431815061532EA27FCA55A7D23BE53C96CAA472224C6A831A91920B6D0ACBA359D266CA8C131AB4F8D6798D5B7B16AE0D95182E8D63D44576B87715201B700F72B6E628DC6D122A3BAF45359D760D446F72D8CC4EF1612DFC82DB5733E81AAAF41510139C358F007EEBC0703CF5B92E98BC8E79E39297D9D597B411114264222200BE5BAD9FAEAAAB9B73EAE770FE0D73ABE965F4969162229A9279B7B2291C3F883490BE62A32238597DB6CBBD763D267BD532B752FB2466318AED23DA2A2021F8DA3C2E6CA3BAD73B6F2DC8C36918778B1F35D8AAEDD8A9C7E4E98C85A36927C3255F647C23CF35830550734386F175519947C5954CA74D6D961E000562498F13CD63BA554EB2D9482EEB25D5BBAF6EB6D02E5D2EADDD2EB1A05774D6545D79759D02B2F569EC69DAD1C82F6EA9256502C4946C3BADE0547E27088A32FBE5B2D6CF352C4A83D259BB2D67E23F41F52B6E7491B42DBD18B4D2B1CD1639DB66C2AB731418192C9A6C45CD367E6DE3BC7F749CCB5AA26789FB1D1BA0FA8D4AFC420DD2410CC3C58E734FF0050725D997CFF00A035E29F19A67DFB12C32447BEE2E3E8177F0579BF528E3D43FB3A182B708F5111502608888083D33C38D4D1CB10DED20DB810BE6CAEA39217F5520CDA481DE38AFAB885A9695683C158090007EE36DEAE749D57E17A7E191DC723E7D8C2A87EB0792DB716E8FEB6071EADBAEDEFB8F55AEE23A3988B0B64EA6C1A412D06E5D6DC725D95D5E26969955E1AD92B85D56AF649C8ECEE2A5B596A34F89335B5240637ECD5906AF23B0A9FA5A83600E63715D05C6D6E594AE5CBEE67DD557568397B75AE8D0B975EDD5BBAF6EB1A05774BAA2E974D02BBAF2EA9BAF2E9A05775492A9BAA2494345CACA40F659434127605AC6212179738EFF41B8290ADA82EDB934721DE544BDEE949640C748F3976076477976C58C8E62774C9B14B6FB18AD192B3205B0E13A0F88BD8010DEED6B92392DC300E8AA5710EA870B701B173AFADC4A7C97562AD9ABE816113D655D339A088A03AC5FF0033B80FF372FA3D82C00EE0A3705C122A560646D02C2D90526B8DD4F50F35F26588852B411115737088880222203C7341DA1624F8644FDAD59889B06A98BE82D2D40EDB1A7C40BAD52B3A266B4DE9E4733B9AE3ABCB62EAC8A58CD73E198729F938B4FA175F0EC21E3BDB9F30AC1C26A9BEF407C5A6FE8405DC1785A0ED0AD4FA8E75EE435D3637EC70C751CA36C6EFE52A8303FE53C8AEE6E81876B4720AD9A28BF66DE414CBD5B27BA444FA38F9670FEADDF29E45046EF94F22BB7FE8F87F66DE4105043FB36F20B6FF006F5FF28C7F853F271214EF3F01E455D661F31D91BB92ED428E31F0379057044D1B1A3905ABF56C9EC9195D147CB38B3702AB77BB11F35930E815649B6CDF2FEEBB1808A2AF53CEFC3D124F4D8D7B1CC287A296120D43CBF7EA9D97F05B8E1DA2B4D034358C000E00053C8A9DE6BB7BA64EA52F05886918CD8D0AFA228CC844440111101FFFD9, 'Authorized');
INSERT INTO `downer` VALUES ('8', 'Roja', 'Roja', 'Roja.123@gmail.com', '9535866270', '#7827,4th Cross,Rajajinagar', '05/06/1987', 'Male', '560021', 'Rajajinagar', 0x89504E470D0A1A0A0000000D49484452000000E2000000DF0803000000DC2AFF960000016B504C5445F5EEE5FFFFFFF2CEA51E1E23E6A422C1CAD4D98C21D4B08C216DD9249CF2A3705FBB8660000000F5EFE7CC98722626269E695AE5BF9AD1A37DC28F69F2CDA2F8F3EDFCFAF7F3D0AAE59F0000000BF8D3A9C5CDD4FAF6F1368EE4000006D2AC8517181EDEC2A6E7D4C00096F1D88811DBB189D78500F4EAD9F1EDE9EEC07EEBB662E5BD95F0C791E9B1510F101818181DF3D6B5CCA284D9B999EFD3A5F4E0CAEEF0F31C1F21ECDDCE81C1F7C8C5C3AFBFD5B0806B4E84D8E3A65CD6D7D93678D87D9FD6494443E3E7EB353334EBBD70B7B0A9E8AA39DAD2C9639CCCAFB0B2E2AD6D000E17BFDFFB756E693EA2EE95CBF85FABE987898C5051553F4146ABD2F4686564D9EAF87374779C968F8B847EC0C0C2B7B0A775ADDA948E88B5DAFA68635E969CA555585EA1B5D20061D9256FD9AAC0E97899D45782CB98B1E53F4249E8AF424695E38FBADFAEB6C0E19E37E1A863413C36584E449A846DDF9D497B6B59E5B883716353A89175BF9379C3A3A49C000011D949444154789CED9D8B77D346168765E761964A354E2D3B7EAC31348949E2380F12B3E1D9C4242C61E9B6D02C092D4B29A5ED661B5E81853F7F47922DCF539A3B739DB67BF6777A0E69AC8CE7D3BD73EF9DD1487232A357A954AFFBBE47E4780EF98FFCE0FBF57ABD543A852FCF649C51365EAA133027510476D4A4A3420CE892E158D0FAE83847815882D0519C23C2C4462CD58DF006F24740898A6868BE111B130FB1E4DBE3C59468BDCAE021DAF9A728448F45414434E0082811104BC806C486B446AC8F8A2F9487006989385AC010D23AF458218E1E3084B4B4A405E2E900DA431A23964E0DD016D2107174515425FF9411479207D3641A774C104FDF8491BC5343FC4D4C18C9C89060C4D30D33BC4CC20E14F137346124B82161887AA3306DBDC64EE0110942D44CF6AD60D1295A6E1B8980CE0A41D47452FF687A69BEBDD26A39BE1FAD2D8666F506F207BF3116CC59F511B55385BF303E3E4D347EB470BB7D79657D7DBD1589FCB4B272996885FCB215E21B3282EA006D44FD48EADF1E8F351DB2B2FFDBFFDDEE12B1B46FB8DA0389ACBA88809ADB6F53504922A447ED75CF8C529F511311922BBC154DC40873E972CB08527B40EA21C2B2610B801850EEB61D9374ABCBA885083CC9DE02083180BC6C6248CDA0A3830825F4D781880472A16560483D460D4418A1E73BEB6D3022D1CAA81853116165B7E7B7DA47D3B0B1383064DB8051A79A4B458401AE2F98F1858CF3060352C38E6988504053BE3E23185183310511705AFDD66D2BC071435F4D654C4684105E1EB725248CA388398988FA849E63E7A33163CB203FA6D4004988FA67D45FDF452124F9D1A4CE49AE571310F52B6F7F05852F645C31A9571319D58880D913A4EE4ED392D1624112A3121140B88E4848CC98BE5947545209A044D4FE160F5E9126EAE55E71DD01170109615585A84FD83A42259C9C9C99993979BF0E85548755052220D458277C8E30D4CCCC2B28A47238CA110103F1F2280803C8B93DE0FC0A86A87FFE80337C6DC20072B20C62540D47292220E7A3BAE924A7B93D506C550C4719A2BE9B7AA8F9822724863C0165497D44FD36C1AB3430C2801152B4CAB3A30411507C631A514648185F59BBAA880858C9F0E7F110E584643C162131470F11D0206238551112465B57151001E7CC4BCE89D3E3474B0B0B0B4BBB3680C455F7206694B82A8F085970F39792F816DAC572A8623B2D2825111281A6C9E98810A77094469CDE9DCF96B3B1CAED444BA610CEBC8798512C003844C8A62FF5E599DDF93205184226183285707212961C855A954384B4A58CA7B7B31C60684835E14CA0D05ED13FBCE6D641DD4A4604EDDC530CC5DDB60818301697646784409DBCDA7BDF2E866AEFDD981429671641B52A6F461611D292D392122E15A5848A11F972AF9D656C5ECEB66FF090B0982A240E0611D692ACB4995E500186FD9F672117A4062FB75F728C2F61EB39A50444483BD29962326168A385DD7049797A7CE9B6D2DEC5136E30823AC69B914684CD4025D1268D30A22CB6E7E7E783A4A93EA6CDFA2A2CDEF066A41141CD301B3306E3309D304248C08B0E78C530CE0117573D15227023B42FA4BA5D3D401D1559C42C708DBCA44084AEEBF13963BA8D8758664623306B70661C228277B3F3881A03515FEF676C1019330E11C12BD03C621191305B64AC08AA5203F93244F856DAA5111A319B3DB142746488F08B5E1C22E248CC7231D500B12E4104137A2CE211AE1199C16880E88988F05B67B8A4318F8CD8B60A3774C019201A6C0761533F6AB0C9B2F166069A171D3AE038A6C1862BE0B0FD94C98CD0EA26148F68B25182D9767A1B1DF186798D1AAAC421C25B60D735302B9B3EE2DE30DECCB54CFAC7229ADC5FC2CE17B109D9906A74FD9F4534D909C25C00471F8A0CE28941F786A9D131F5537262A9293C726913683867042E6CC41DA411CDEE83A297A7B0B36296CE1A06993F148D6876CB2C75F9143FDA100DA34DD9EC4E87128568D602BD78839DF889CA7639C389B3BF633A1499ACB13B52C449939CE1C483D1311E8AF4B5B7237CC26C395E6A842DF8532AC588A6F724FAB19FCAD6A58A8B44A9D6AD660BC1718BD96A95471C547086019541346C809A6BF0888B539FC69A5D54032E4E7DF6495F9F4DCDB2E763886830CFE877D01E31AE5299B448F325512E4E7DC2E953FAB81871EEA2E90D72DE00D1F8EEE061BCA18AF0A20018684AF4580130842C8888B04BA88C0688E6B707B744C445196020D690D5451960A0D9C1988CA71A27E61D2CF5118DCFD1B0848B8B9BD9A16F92584322C96C6CD4591A71763802C368438E1B8CCA590ED13CDAF4CB541BC4617D33405C948DBDC1D81C3256FB84532490C6BF8BC7E6228B085E0AA73BD847346E800CC6FEAEF73E6251E6934485299631F2D2A9229727AA8B912519C4B91BE643318A378ED5B3083C275ADDE823866E3AC503069A623E611C9251C8384521CEAC583D782D42B47A6C8D570F1963472528B29E87F431D3141356580D33478838B36EF7AC84528868F9BC053FB8076538972A16A43D275CF107C5303BC809B38BB1F70649630EB62355543D44B47CC080D7522C4E55AB6B0529C72C1553C2E30A05A17A8B10676ED83EEF2242B46C24AC7164886FF3DDEE9B3549DF3F0D92C590F0C3EB6EF7F507F13882683A8BA23A878218ECDC9020FEE75E3E9FEFDE93300621656AF0EBEA874A971C571119CB273619B12F0F07D19F17AFF1573F0484A4EF6F442B7E1607CD40D171F9A63086CB27462BC49C0244FBE7D778EB12C477DDA8EBDDB544C4C1A9C8770433965F1ACF13D1111D7F57447CD347BC9786D8EC5BF1AD803869B82AC588640D07E1696E7E5B981257DFF5BB9E17930883B8DAB7E2BD5511D13AD8E0217AEBE24AF15AD4F5E63B45B889CF452F3477B7271C56365B039720223883D7121736C820EB76BBF75E0B3DE711D7BACD6EB7D9CC8911D53A2906424274BC7911A4BAF6EEF51B49BAE3236A35FBF6CD9BB7B222C1783D8316C9FD284F4FF22F4B4848D9222B5A7844E5714584948187E8AD43D651794485DA86ABA7AC7C2444A73502C4224ACFB010BD16805017D1F0420627DF66CA4FC9734680883214D1101D0772EDED8F89E8E123E204D460AA81136EBC157C448CF20DD38ABF6B44242B02B2C61F141192FB35115132FFFF11011A05224ECFEA48330D58055720D238FC8F8CA8A7324ABFB066FD4191FA3F8FE8808A542DE114378888DEEF1911E739E0E8884825AA83B31A1E0854876B21E2143798889022F5141191AE69844D418AD45344F431AE2F46822D50E920E2D46F758CABC4917EAF8825FB6BFDB1D073BFC53E0D4A25EB1D1BB1D0CB1BA4E2C67ADF0D2D6C44B4806AB77B8A6E0C373122657E1F155195350A29926F4E41CA1975EB9D8C945421F5DAB91409974E2344BC806AB51F959122DE7C3C9BAC73AB722BA2F429DE8F8A146FE483B19042784DEEA888D1060F513118ABB97389845240CCF2CD6E873F2B85A75657D58C2A423214D1127F8488342B56A40D35E3B98F0A42C4F9B0DDDD369C94656AB570560679EEACB88501D74FA9BB6D703263D2CC7F55803C77561E4A4321556FF43D53489EAA9E6D54B3ABD7CE9E1B60921F3EE6B22A13E2CDF8E93BDFB0DEE39634F5AF160AAB1FAF05FAB85A48E0235A41EA0E7DFF2292A7A6CDA8FA7B4FE45B552823E25436EC5DA8582FAB43991863B9697CD7BBF91DE13221AC5261AD2EF2778463ED6AF02EA876BF6B6BD1F82630BE2F1C2296A75EC8593216CE6321F24F6740F2548268C758C8A121663844AC6D0D04D186B1904343149E948295FD03C45CCE9430F85B2C44F1793748756A8468C8984344943CB5086979A38F68E2AC851C26A2ECD95338CBA90344B821077F8784989120A214711422CC90851C2EA2F439702801C7BB70DE8871488884287F9A1F921929465D480A3077FE0A422F54CF644431A39FB992831A9236E19A8F72A6554FD6C4C81B640C946086644C7811A717CAE7A362E48D70985FC9E9333226C45A48523FE516A1F52892F9BA86644C7801AB1309CF2A46188D838C7B91665442D280B92BFD3FBD64DD89A4274EDB9FC1B8A8F0D6D220690B1213C6FDB2464C7C6EB8BD19A9BA893524A12CC49CE447F6B3D8841888C94F7FB73623FD3A0B27C741AA74FE025D8CD822A63CC3DFDA8CCC1B3BD8F4A126BCC874C11631ED4D0CB68977836DAD956EC820DB6322A6BE4FC36EC2E1F9DB7C736986E44C4874D3EAA11A1A6F4531CFFF9EEF6C1E3E16BEE04A12633FDB333A38B8037F37612CC9CBEDACDE5044E1D5EFEC3CCD57DCEFC56FA8AF292107D99ED133B7D2BBBFE3D48D30B5DE50047655623DE7DBC3AE5BE98C8D75F6255F21A48F01604EF65AA88DDEF258B353717B4F36C3A661927DBDE49790764927EE3C79DA08F042B9B2EFE0EB808109A56F4CDC76A3969A1D77791FEAB39A6F0BD37655CFF7EFECECF71A95E6582C7743D25E4666C8F357E4473E7687AD752A95ADFB3B57B47D56FB9D6F3AAE4AF08877F63A950EC517208AF1A6FF3D6CFA38BFA67AB1E7D71DA641E2B3CDAD279B9E16A5E2AB65BF4C71D5C03B0FDEB88DCEF218AF8A24DEF4C5A40F2155C47AD6141A6D56DC8A8ECF02DEBF98540090D37967E77ECFAD883D097BF340D9F7E17A8090ED29952AD27689CFBA5B873B77FC044CD05B3455AE1AA6BEAD65DE3B69C4BC1A91D401B3A1D4261C461B59DB9DC6D88303A5CF2A5F4DACFD46DBC83B85C1279CED9B09FDCF7CF757A26F928EB8DB486CBE59A92C930024C304BED1961B8E01DEB787799577D252C69B407FF9FC4F449F273172D1467A16039FDDE431C1EF25A68663E89D0F88F9C4E02251E5EB3442C2F84FF5310FB5BE8524CD31360019BC5D3A1A8E83C22CC53BE92F7F964A98C8A81E8ABC48D2ECC549D3E81DE121E3CEE198AB69BEBE967B8AE44F112630DED4470CBE6C50E899BDE93D93B9B3D568A48F0C5E2E3F9F9210AA1953A28D44C4673B4F2F2510262166EE2B725432A23CDEFC9D21248C7F931EA6116D245F793789301131F3C0E00B3BD278C313AA18F5A20D47F824913019B1B4056794C61B9150CEB801071C6B3C4A264C462493373863471CFA324229232CDA84AADC4F214C41CC5CCA8319C57823279431C2A34D453A0987201A3036F8C1FF8D829030FE833BF411F4CB2A0965BF2E62661BCAC8C79BED892F5584DFD5B824FA40BBC4E8133E4D4A88BA88603B2E3FE4086B2AC6AF6A13130CE30694705F835003317309187398F59BED898989DA5529E1971381684660B469A48F434D4468EE70A9F9D4768821658C0819C6EF41B5869B1A4BF51133A5A7904847C59BED3E46ED0709614D6004459BB48C0F4324B51CC08586F1664048187FE511AFD6E20F63C68780B19852B5C1113307FA8C71BC191212C6EFD8D4F1438DFAB0CF58D2FF8EA6BBA94BA88D98D9D198F2F795DF100803469AF0D71AF361F407FAD1A6D34B5C3F3144CCDCD40EAC8D9B222161FCF79F637D55E33E0C19B5A38DBBAF9A94DA21662EED6B9EE530DE6C4CF03A33D42D1E3164D48D36DA81068C180C482D67ED3C9210D67EA110CF5C154E00695E0FB0D3D01F8670C4CC664FC7979A0F2436AC5DA711BF10CC3891D9D0F253F741E214DF1A31537FA4E5AC370500C64FCF9CB92E7E5E7BAC81D8740F808060C4E0CA51FA88691C8B008C9FCA3C75426351A30289A4C68841D4491B919DAF53FC54E6A9B567698B1A1D609C31462486CCA7B8D4F2BE0070F54716518CA913BD144477CBC084868899D2A364432EF7D2FCF4CC73C1538F93093BC2547BA488A40ED84A846CA4F9A9C45313137FD3BD0F0DA4B688A4A0CB57D4A7BDF23DEFA73CA1E0A9B584C4DF34F5513BC44CE9604C79DEF97823F8A924A64A2E0F0F007BA63E6A894862EB93860272F9599A9F8A9EAA8A36045067F962348804F25071CD31CFF5FFB988C879EAB174D6DD6C2C5B59D01E91943B07F98604B2C31AF10B9190F75459B4E9B85BD680F688644CDEDD120B9E06136F647ECA79AA24DA74DC7D60C12D973D22D1E63EEFAF6CBC11E36920B64EE56A9BA6EB1E5A44515A288864501EE45DFA5272F3196522593C153C95E1AB100FB58B3194901089360F7B43CAE587A97E7AE6CC4FD469387669BE03240386C24324A37293DAD5414D36E47ECAC6D47EB40976633CC1E4CBE02212956E1E6CB90D624CAABE51F9295DA7D6C84CAAD971DDA77715D7D12D848C18A87EF77EAFE33E4AF5533AA6D6FEE52E6F3D4109A082468018E8D2E6416DE238D94F879E7A3C513BB8695C66A7694488813636B61FD71E1F3FFEE2F973497143FCF4F9F31F8E8F6BB5CD8D0DB4E829D3081143954A99EDAB2F5EFCF2D3CFD76FDDBAF56320F2EFADEB3FFFF4CB8B1757374A23858BF45F5B86CB31A5FCF6CD0000000049454E44AE426082, 'Authorized');
INSERT INTO `kgc` VALUES ('kgc', 'kgc');
INSERT INTO `request` VALUES ('1', 'tmksmanju', 'Manjunath', 'DataOwner.java', 'Permitted');
INSERT INTO `request` VALUES ('2', 'Gopal', 'Roja', 'Cloud.txt', 'Permitted');
INSERT INTO `results` VALUES ('CloudServer.java', '146', '128000');
INSERT INTO `results` VALUES ('DataOwner.java', '140', '95232');
INSERT INTO `results` VALUES ('EndUser.java', '133', '67584');
INSERT INTO `results` VALUES ('Cloud.txt', '141', '3072');
INSERT INTO `search` VALUES ('1', 'tmksmanju', 'java', '07/09/2021   12:11:17');
INSERT INTO `search` VALUES ('2', 'tmksmanju', 'connect', '07/09/2021   12:11:26');
INSERT INTO `search` VALUES ('3', 'tmksmanju', 'Cloud', '30/09/2021   16:50:36');
INSERT INTO `search` VALUES ('4', 'Gopal', 'Cloud', '30/09/2021   17:52:46');
INSERT INTO `tpa` VALUES ('tpa', 'tpa');
INSERT INTO `tpadata` VALUES ('40', 'CloudServer.java', 'Kaviraj', 'cloud', '-2214a9b093f16120cc03a42652fdd8f73ef36e6b', '52fff0b87f94169c77ddfac67d9fdb4b541335d7', '-2f0527683da84443c1c6afb47a7ff0951911f00e', '-27e6f45f1a0b7b0d1da58443563328580d023f94', '[B@1192059', '06/09/2021   18:18:20', '13729');
INSERT INTO `tpadata` VALUES ('41', 'DataOwner.java', 'Manjunath', 'cloud', '25f66a896972ad45c3c91054262fea8a4fa33e2b', '-4b63251898bc804e6063516c71a09bf35695df1d', '-2dd1cd2883983c5d90946c8f20e4654018635792', '4781992185207dedfe2d9b4012325fceedcc07a3', '[B@103fcaa', '07/09/2021   12:03:09', '9831');
INSERT INTO `tpadata` VALUES ('42', 'EndUser.java', 'Manjunath', 'cloud', '57c6aed5d2a56ed1f9260cc78ef2f33e39447751', '70a4553a668edec468982f56640c8df8ce6c3b22', '-5e4bafb97f9c6c53c37e2790a6b50489cf3d7a31', '58da54c74f0a61d18c667765076f8fc510aa9e94', '[B@1dae160', '07/09/2021   12:03:39', '6584');
INSERT INTO `tpadata` VALUES ('43', 'Cloud.txt', 'Roja', 'cloud', '5f38b85a523fca7611f503bb119f312731c5d745', '-6542b1e859f2915919097cfcc5e288364a3c42c1', '4f1e01fbcf92301fcd33ae65c0a8cf34245b5c10', '2456cf8104ea5c4c0610bba9288655e7cfa05e20', '[B@14f79cb', '30/09/2021   17:49:31', '375');
INSERT INTO `transaction` VALUES ('24', 'Kaviraj', 'CloudServer.java', 'Upload', '06/09/2021   18:18:20', '13729');
INSERT INTO `transaction` VALUES ('25', 'Manjunath', 'DataOwner.java', 'Upload', '07/09/2021   12:03:09', '9831');
INSERT INTO `transaction` VALUES ('26', 'Manjunath', 'EndUser.java', 'Upload', '07/09/2021   12:03:39', '6584');
INSERT INTO `transaction` VALUES ('27', 'tmksmanju', 'java', 'Search', '07/09/2021   12:11:17', '-----');
INSERT INTO `transaction` VALUES ('28', 'tmksmanju', 'connect', 'Search', '07/09/2021   12:11:26', '-----');
INSERT INTO `transaction` VALUES ('29', 'tmksmanju', 'DataOwner.java', 'Download', '07/09/2021   12:12:48', '9831');
INSERT INTO `transaction` VALUES ('30', 'Manjunath', 'DataOwner.java', 'Download', '07/09/2021   12:12:48', '9831');
INSERT INTO `transaction` VALUES ('31', 'tmksmanju', 'Cloud', 'Search', '30/09/2021   16:50:36', '-----');
INSERT INTO `transaction` VALUES ('32', 'Roja', 'Cloud.txt', 'Upload', '30/09/2021   17:49:31', '375');
INSERT INTO `transaction` VALUES ('33', 'Gopal', 'Cloud', 'Search', '30/09/2021   17:52:46', '-----');
INSERT INTO `transaction` VALUES ('34', 'Gopal', 'Cloud.txt', 'Download', '30/09/2021   17:52:53', '375');
INSERT INTO `transaction` VALUES ('35', 'Roja', 'Cloud.txt', 'Download', '30/09/2021   17:52:53', '375');
INSERT INTO `transaction` VALUES ('36', 'Gopal', 'Cloud.txt', 'Download', '30/09/2021   17:53:11', '375');
INSERT INTO `transaction` VALUES ('37', 'Roja', 'Cloud.txt', 'Download', '30/09/2021   17:53:11', '375');
INSERT INTO `user` VALUES ('5', 'Mohan', 'Mohan', 'Mohan.123@gmail.com', '9535866270', '#8938,Malleshwaram,Bangalore-40', '05/06/1987', 'Male', '560040', 'Bangalore', 0x89504E470D0A1A0A0000000D49484452000000660000006608030000000E01145000000084504C5445FFFFFF34495E2C3E502E40531C32469EA5AD31475C2E445A31465CFAFBFB284057273F56A4ADB6243D55EFF0F23A4E62B0B7BF425569C1C7CEDDE1E4B9BFC6C7CDD18995A0516274E6E8EA193045848E9958697ADBDFE297A1AC7F8994758290677786485B6FABB2BA4E5C67717B86D1D4D74757665763705E6C7A60708024384B19364FB10589D20000031C494441546881ED9AD9B6A23010458D62429019191411A145AFFAFFFFD7B0AE53AB544A2A3EB5E7C147F7AAA4726AD0D1E8ABAFBEFAACDC2C8A7DDBF6C328733FC5904DBDAE1CC799CDDA8F6A5D37F2139478595996C9CE32C5AC5AC6DA2159E9892BE342F2CA4C2B44FA8EE0EC495C9C7C8D27E7268F91DC224AB4E5822C5F8572E194BAE2D9587D904E56A90522973388C2D82CD111CFDCEBB997EBB979733A25CB054C614CE4F4BC4EC08B395F4F410EC651535A0E351C4C305D16D02832E87D31F7E2012DD9E68A2CBB7242122651A6D9AF04E9D4E4168BD9524E2DFBC1620E945C6B2A5406B44E9036044C8C4BB436052A4A250D0364A6990125D5622C8607946862ECDDF08A7237AB148BC957048C7BC026F486D412ACB198358532B291185E933011C3393423161C9CDB88038D329A9F309813AD0EB41EADEE38BA60C82D54C89446C03DFA682097EA064A473F98ED151C1D6D5AAB9507724440F1993B8501C011A412F02FA7EAE588541BA52DD669CF54E0908AF3B312EF15C523769B0F721B3F7F656E077FA56F3FE076FB809716CABBFD801E90B45366F5FA34B7586AD35FA76BB3D781DC87C48811C9F87042141CEE1C289B15B7800DE026111483038AF2FE7DC05340E650679B5BC850CE013943FC40DAAA41FD51A657BF7F4185BA9C3D8A7B6F4FD405FE5AEE38E24D8EDDFF20219996FD0E65EE0DA27403C81B8B9555FA568EDD4BA4F85A8A699A7A39399692A016287D72903528C6F5CD7D42766D6E4938B24EA2C4D89B4FA4B4F120B22D1B9E65D770102E5A2B369B18CD7C25063BA243E2958A129292F922654DC08ECEB0C406A644D8250D2C1E4420C6D64269054ED6728DDAA0AA652D21CCEA650B3B4022874E2D1E5A671E65821B295FC3DBFC9505BC50895B6EA330457F974336E79B209B46FCBA81C600ABDC2CD76068670CE0D2E82D1D0203ECF1DC8D3ECC16B81BEC121D81F901303B6D98C91EB89BCD51930BF0237037B230C67A0AC1D89802434838198F2764106FBF85439E26B7C6B80511D57E8501FF9E13ED8E630D32FE285AA8666F90214763AF1C0BA262B75818042D16BB2962A89659534F09AA9BEC237FF2F8EAABFF4E7F01B070378EDE50F2620000000049454E44AE426082, 'Authorized', 'No');
INSERT INTO `user` VALUES ('6', 'tmksmanju', 'tmksmanju', 'tmksmanju13@gmail.com', '9535866270', '#8928,Vijayanagar', '05/06/1987', 'Male', '560010', 'Bangalore', 0x89504E470D0A1A0A0000000D49484452000000660000006608030000000E01145000000084504C5445FFFFFF34495E2C3E502E40531C32469EA5AD31475C2E445A31465CFAFBFB284057273F56A4ADB6243D55EFF0F23A4E62B0B7BF425569C1C7CEDDE1E4B9BFC6C7CDD18995A0516274E6E8EA193045848E9958697ADBDFE297A1AC7F8994758290677786485B6FABB2BA4E5C67717B86D1D4D74757665763705E6C7A60708024384B19364FB10589D20000031C494441546881ED9AD9B6A23010458D62429019191411A145AFFAFFFFD7B0AE53AB544A2A3EB5E7C147F7AAA4726AD0D1E8ABAFBEFAACDC2C8A7DDBF6C328733FC5904DBDAE1CC799CDDA8F6A5D37F2139478595996C9CE32C5AC5AC6DA2159E9892BE342F2CA4C2B44FA8EE0EC495C9C7C8D27E7268F91DC224AB4E5822C5F8572E194BAE2D9587D904E56A90522973388C2D82CD111CFDCEBB997EBB979733A25CB054C614CE4F4BC4EC08B395F4F410EC651535A0E351C4C305D16D02832E87D31F7E2012DD9E68A2CBB7242122651A6D9AF04E9D4E4168BD9524E2DFBC1620E945C6B2A5406B44E9036044C8C4BB436052A4A250D0364A6990125D5622C8607946862ECDDF08A7237AB148BC957048C7BC026F486D412ACB198358532B291185E933011C3393423161C9CDB88038D329A9F309813AD0EB41EADEE38BA60C82D54C89446C03DFA682097EA064A473F98ED151C1D6D5AAB9507724440F1993B8501C011A412F02FA7EAE588541BA52DD669CF54E0908AF3B312EF15C523769B0F721B3F7F656E077FA56F3FE076FB809716CABBFD801E90B45366F5FA34B7586AD35FA76BB3D781DC87C48811C9F87042141CEE1C289B15B7800DE026111483038AF2FE7DC05340E650679B5BC850CE013943FC40DAAA41FD51A657BF7F4185BA9C3D8A7B6F4FD405FE5AEE38E24D8EDDFF20219996FD0E65EE0DA27403C81B8B9555FA568EDD4BA4F85A8A699A7A39399692A016287D72903528C6F5CD7D42766D6E4938B24EA2C4D89B4FA4B4F120B22D1B9E65D770102E5A2B369B18CD7C25063BA243E2958A129292F922654DC08ECEB0C406A644D8250D2C1E4420C6D64269054ED6728DDAA0AA652D21CCEA650B3B4022874E2D1E5A671E65821B295FC3DBFC9505BC50895B6EA330457F974336E79B209B46FCBA81C600ABDC2CD76068670CE0D2E82D1D0203ECF1DC8D3ECC16B81BEC121D81F901303B6D98C91EB89BCD51930BF0237037B230C67A0AC1D89802434838198F2764106FBF85439E26B7C6B80511D57E8501FF9E13ED8E630D32FE285AA8666F90214763AF1C0BA262B75818042D16BB2962A89659534F09AA9BEC237FF2F8EAABFF4E7F01B070378EDE50F2620000000049454E44AE426082, 'Authorized', 'Permitted');
INSERT INTO `user` VALUES ('7', 'Gopal', 'Gopal', 'Gopal.123@gmail.com', '9535866270', '#782,14th Cross,Vijayanagar', '05/06/1987', 'Male', '560040', 'Vijayanagar', 0xFFD8FFE000104A46494600010100000100010000FFDB008400090607131212100E101210100F0E0F0F0F0F0F10120F0E0F100F1511161615111615181D2820181A251B15152D322126292B2E2E2E171F3338333837282D2E2B010A0A0A0E0D0E1B10101A2D251F25302E2D2B30372D2D2D2E2B2E2B2B2D372D2D2D2B2D372D2B2D2D2F2D2D2D2D2D2B2F2D2D2B2D2D2B2E2B2D362D2D2B2D302DFFC000110800CC00CC03012200021101031101FFC4001C0000010501010100000000000000000000000203040507060108FFC4004310000102030603050507020308030000000100020304110512216181F031417106135191920722425272143262A1B1C1E1238243A3D1244453637383C2F1253334FFC4001A010100030101010000000000000000000000010204030506FFC40026110100020202030001040301000000000000010203110412213141130551617181D1E122FFDA000C03010002110311003F00DBAEE437A22EE437A22EE437A22EE437A2245DC86F445DC86F445DC86F445DC86F4405DC86F445DC86F445DC86F445DC86F4405DC86F445DC86F445DC86F445DC86F4405DC86F445321BD125DD1BBD156DAD6CC19761891DF0E1B47371009C80A5494169A0DE8935C86F459E3FB7F12392DB3A4A24C01877CFFE9411AD3F709989316C3F173E4E5C7CA1B7C8FD506935C86F445721BD1659123DA8DFF7C973FF00687FA28E7B476A43E2E958B4E45B76BFA20D7341BD17B4C86F4596C97B4E731C193B2BDD8269DEC2379A33BA47EEB43B3AD087198C8B08B1F0E20BCD703811E4827DDC86F445DC86F4491D1BBD12A990DE880BB90DE88BB90DE88BB90DE88BB90DE880BB90DE88BB90DE88BB90DE88BB90DE880BB90DE88BB90DE88BB90DE88BB90DE880BB90DE88BB90DE88BB90DE88BB90DE880BB90DE88BB90DE88BB90DE88BB90DE880BB90DE88BB90DE88BB90DE88BB90DE880BB90DE88BB90DE88BB90DE88BB90DE880A6437A24447539377A2F5E69C9BBD170DED23B5A24607B81AE998F5872ECE26F70BF4E6057CE8813DB4EDB09778939560989E8B46B2137DE0C2781753F4555657642AFFB65A8FF00B54C9C44127FA30BF0D39FE8A2F636C7FB231D331C8893D3357C57BB12C0EC6E0CFC4AB19CB4F8F041733168068BAD0C6B40A06B68001900152CDDA5D152CDDA5D1544CDA1D105C4D5A3D1554C4FF4551313EABE34EA0B4999C04106841E212BB376F4EC187DDCAC4862107BCB5911AD7624E3C5737167148B126E8D1F51FD5068F25ED2A6A053EDD28D7C2E06340C2999188FD168F605BF026E188D2EE63DA788E0E61F95C2981591D933DC8D0838107104244F427D9D105AB243FA55026E5862C2C27EF01C87E8506EEDE8DDE8BDBB90DE8AA2C1B519310614C42BAE87198D7B4E4470387156C064DDE883DBB90DE88BB90DE88BB90DE88BB90DE880BB90DE88BB90DE88BB90DE88BB90DE880BB90DE88BB90DE88BB90DE88BB90DE880A64114C822990453208914C822990453208A641014C8208C9BBD114C82F1DD1A88439D8940706AC1DB3C2D0B5634E3B181247BB80DF82F349A1F3A9F25A9FB43B48C0929B8CDBA1CD811030F83DC2EB7F321627D917F752A0FC515CE793CE9C07E43F341DCCE5A7D1534D5A3D1544CCFAAC989D4169333EAB63CEAAD8D36A1459941611A6D448932A0BE3A65D1504B891FF3536CF7DD14F0298B2ECB8D11AE996C28B125E03A915F0DB7EE922A2A0634F1F05218D07DE6905A79851B4BA0B3A72945D8D9536D7B4C378058F696381E6D228566D2F1685743654ED08528761EC827CC2893B653C82652317C2AF1305C7FF5EA5AEC1351C1BBD1609D9F99B96DC178A526A55D0DDE04815FFC42DD245D5030082653208A64114C8229904053208A64114C822990448A64114C8229904532080A64114C822990453208814C822990453208A641014C82445E1C025D3209B8C30E0D4198FB678A459D1C0A62E840D3C2F858FC9CD520C36F8302D87DAEC0BF2133403DD6B5F87E1782560B0663DC68F01441651E6D428B32A2C48CA3BA22090F8E9874548009E155632B65122FC4218C1C5CF3742080C697602AAD2C9B0E2CC46872B05A5F1E29C1A310C6F37BBC000AFF00B33D9C8F3AF10A42112CAD224EC469109839DDAFDE3BCD6F5D85EC341B361D1BFD48EFC62C77D0BDE7F603905599F90B447D948EC7764E148C9C3940038817A23CFDE7C4762E72E2BB7FECB83CBE724290E3E25F08610A3751F0BB30B58A64114C9AAB38E3E7B5BBCFDF4F92EE9BCE63DAE871619BB1213851CC70C949958B42B5FF006AFD85EFD867E55A04DC0152D6FF008D0C7161FD963D0087B43DB8570734F16B8716956ACEFC4FB56D1AF5E9656747FF00E4ACC77E370D082BE88B34E0301C17CD9618ADA567B7C2213F915F48595C070E0ACAAD80C8229905E019357B4C8202990453208A64114C8202990453208A64114C82029D114E88F4A3D280A74453A23D28F4A029D13130EA0F853E7FB5575A0FA03F750515B1230E619120C51587158E86F00DD25AE1438F2E2B13F695D848767C364CCB4488613E2776E87128E2C24120870030C16EB2C4135343CD727ED9E188B20D06941332E30C0D1CF0DFDD61A64B4DF7BFBE9B6F8EB14D6BE7B7CE778F894F4BC2BC6E80F7B8F06B01713A05F4A599EC9ECA8775C6018CEA0358D1623C57E9040FC97596758F2D2E03604081080E1718D6FECB5F665EB2F9D7B3BD80B4A62E9852BF67867FC69AF730F10D389F25A6F677D8D40616C59F8AE9C8831EECFB9001FA471F3A64B4CBFF004A2FFD2A369EAF64E521C26887098C631A281AD000013FE951EFFD28BFF4A98B4423ACA47A51E951EFFD28BFF4A763A9F2070F757CEBED2EC43253F161406D596916C4966FC2C8EE786BC6431AAFA0EFFD2B3BF6A3003E6EC4A815FB6B8681A1D4FC956D6FA98AFC55F64FD9B4195743998B122469B68A975EBB09AE228406D31E27895A259AEA61860BD9B2D2300D0473182892CFA387059F164B7E4D4CEF6D3931D7F1EE235A748C3F4A553A2665CE1F0A7BD2B6B10A74453A23D28F4A029D114E88F4A3D280F4A3D28F4A3D280F4A3D28F4A3D2803FDAAAAD36E0782B5F4A89390AA3E141CCCBC4E230A83F92E7BDA51AC83F8611A58FF9CD57B6841731D7DB4E9E21302761BA8C78157102EB85457964BCECB8AD4BF7AC6E3DBD0C596B7A74B4EA7D3A984FF75BC3EE8FD12EFF00450E0C5AB41C3825DFE8AF1936ACE3D24DFE88BFD146BFD117FA27747449BFD117FA28D7FA22FF0044EE7449BFD117FA28D7FA22FF0044EE7449BFD1711DBF359CB1387FFB231FF24AEBAFF455D6B4668BAE75DF731AD2A413860A2D9350B571EE5EBA2744DC9BAF3F0A5060ABDD397FDD87CFE238792B9B225694E0ADC6C3689ED657939AB31D6ABD96187C29FF004A4426D3E54BF4ADAC43D28F4A3D28F4A03D28F4A3D28F4A03C91E48F24792807923C91E48F4A03C92227F6A4C48B4F95733697692AE740956B62C46E112212440827F13BE277E11F924CE95B5A2BED36D6B8D697BDCC6B40A97388006A570D3B38621FF006584E8B43FFDA7FA3081FA9D4274055945820BBBC8EFFB4451882FC21B32643180EB89CD47999DE8A93667BE79F9E17B64CD12D6DFBA1C40BE01A80FE6015617BA2E26CFB44B6335B816C521AE1E079397590A2F45E6DE2693AF9F1ECF17347231F6FB1EFF00DA55EE88BDD1337FA22FF455ECD1D4F5EE88BDD1337FA22FF44EC753D7BA22F744CDFE8BC2FE89D8EA79D1282B82E53B493916F35B0E0F7CCA9745BAE68703C80078AB4B627FBB86F8981BA3DD1E249A0FD5737293A4E24D493527C495DB0C4DADDA7D43CFE7F223157F1C4F99F7FC47FD5AD816A407B84327BA8BFF000A2B4C37E95C0E8BB89368007DD5C1B8C38ADB9158C7B7F10C4660F10548938D1E5B180EFB4C11FEED15C3BD68FF009710F1E8EF35BE2CF3E99FF76843FB57BE4A9AC5B761CC3498645E69A4486F05B121BBE5734F056ED757E5566889898DC15E48F247A51E4891E48F247923C901E947A51E947A5483D2998D169F2A5447D3E55C276E2D9712C9082EBB1238262BDBC6140E0E3D4F00A2674ADEF148DC936B5B4F9B7BE0407DC96612D8F30D347447738508F21E2EF24C77CD86D10E186B18D183470FE540EF9B0D8D86C01AC60A340F05063CDE61719B3CFC997ECA64C4E7455B1E67A28D1661448919739B30E4CC7DD365AE6BC716383BC8D568F119EEB23C3A3A1456B5E29891515C165315EB4EF6636808D2AE967D0BA5DC40078984EC5BE46A12B15BEEB66AFD339535CB3113ED2A1C5045410478A5DEE89EB46C773098908B71C4B7E13D7C0E6AB99322B75D463F9B5D8791E6B265E3DF1F9F70FACC5C8A64F1EA52EF7445EE89BAF4497BC01525A0789C02CFB68D1D2FE899891B10D142E3C1BFB9F009106FC537610C39C4230FED1CD74366592D862A685E7124E26BE24AD7878B6B79BF8863CDCAAD7C53CCB85EDCBBBA850A1120C48CFBEEC98DFE48F25CCCBC7A277B6B6A7DA2722B9A6B0E11EE61D3851B813ABAAAAE1C45DED68DEA1F1DCAE577CD33B741026BA2B4969DCC2E521C75360CCAB4596C799D247877DC2342788332C1EEC51C1C3E4883E26AE8FB37DA0EFC3A1C4021CC42A08B08E3D1ED3F134F22B88979CCC2766A2BAAC99824098818B79778CF8A13B23FAAE9166EC79B5E5ABB1D5F952BD2A96C1B55B1E1438CC22EC468343C41E6D3982AE41FA5756F89DF987BE947A51E947A5482BD104FD28AE6178E39B50429E8D41C5AB1B8368F7D1E6E649C5F17BB6650D9C005AADB7168D7623EE9FD1609654E5CAB4F071AD735CB24FA61E6DFAF58FEDD3469A50E24C286F984D18AB84CBCAC97497454D97A62FA502B9CB1DED2715DF622D6FB2CDC379348514F7517C28EE0ED0D3F354817A4244EA76AE3C938EF168F8FA06D19F87021BA3467B5B0DA2A49C6B901CC9F058B76BEDD74EC4F747750186B0D83024FCEE239E5C947B52D88F3221B633CB9B058D631BC1B80A5E239B8F8A84174C9966DE21BB97FA95B27FE71F88390AD89D600C6CC3EEB70179AC8869F51152989C988F1E863C57BEEF01831A0F8DD6E15CD39545571FF000CD6E7F22D5EB379D7F72D03B07DB16FBB293546BFEEC3983C1DE0D79E4735D4F6CED8FB2CA448808EF1E3BB843C5EEE7A0A9D1628E6A973B6A468D0E1418AF2F640A8860E2457C4F35DEB9A7AEA5AB17EA768C534B7BF92AF68E7CF9A5072F520AE2F3624E0889E646508B978222B44BBD2CB78532A7409BCD73AD8C9E64D5312574896DC791DCF6027EEC59996A8BA1CD8F0C7807D6F01AFEAB4A80FA8F85625ECFE6AFCF3DDC8C070C7C039B45B3C93B01885A31CEE1EC716DDB1A5D7A22BD115E88AE615DA0573092F39B52AB985E3CE6D41CE5BEEF75D88FBA7F45F3DB0AFA26D86541E0B02B6A44C08F1211E01C4B0F8B0F0DE4B8E5879FCFACCC449B63D3AD728AC7279AE5C261E45AA92D29D69519AE4E35CABA70B552414B05470E4B0E55D394D4F02BDAA683D7B7D34AF53954553779179348EA72ABC25365EBC2E4D262A512904A4972439CA74BC55EB8A69C50E7269CE53A75AD5EB9E9888F27995EB9C997B95A21DEB0EAFD9A1FF006B77FD1771FA9AB7090380C42C83D97D9E417CC9C2FD21B2BE00D5C7CE9E4B6092E0310B4E38D55EEF12B318A36980E6115CC22B9845730BA348AE6104E6D45ECC6F545ECC6F5415F3F0AA38B566DDB6ECFF007EDBCDBA22B01B87857F093E0B558A2BCDBBD5525A7255F9544C6D5B562D1A97CEAF69692D702D734D083C414A6BD68DDAAECBB6355C28C8A060F0303939673392AF82EEEE234B5DCBC08F1079AE16A69E467E34D27F83CD7A71AF509B1138D88B9E98ED44D0F4A0F50C444B111469CA71A587A55F510445EF78A34AFE34ABE82F51BBC47789A47E348BE925E9831124C453A4C633E5E905E9931120C44D2F18CEB9E9A73D36E889A74456D3AD6871CF53EC2B21D331034610DA7DF7E5E0334ED85D9F8930439D5642F98F177D23F75A9D8363361B5AC606B5ADE029F9F55D2B4DFB7A1C7E2F6F36F49FD9F900C6B58D0D6B5A0003C02EB65C50716A87232F40316EF5562DEADDEABBBD4D3DAE6115CC22F6637AA2F6637AA02F6637AA2F6637AA2F6637AA2F6637AA02B9B77AA6A2B2BCDBBD53B7B31BD515CC6F541453F200FCBBD57276DD82C88D2D7B5AE1D311983C968CF6D79B77AA8135280F36EF5504C6FDB05B63B2512192E827BC6F1BA7078E9E2B9C7D5A4B5C0B5C3883810BE819DB2FA797F2B9CB57B3AC8829118D7781A623A1549A7ECC7938759F35F0C8C444A11175768F61E9530625DFC2F151E63154135D9F9987F05F1E2C21CA934963BF16F1F114444A111448A1CDC1ED734FE205BFAA488AABA709C49BDE23BC50FBC47789A47E24B31124C4517BD5225E4E2C4FB90DEECC034F353A5A314CFA062243A22BA93EC8CC3FEF16C3199BCEF21FEABA6B2FB1309B42FAC577E2FBBE9055A292D14E25E7E69C3C8C8C58E6909A4F8BB834752BB4B07B1AD690F8A4447F1BB4F71A7A735D9C858E00000680380000015FC9D9A0786F5578A4436E3E2D29E67CCAAECEB2F87DDE5C9747272807CBBD54881000E6DDEAA4B7AB77AABB4BC60A736EF54AAE637AA2B98DEA8BD98DEA80BD98DEA8BD98DEA8BD98DEA8BD98DEA80BD98DEA8BD98DEA91DE9C91DE9C942745DECC6F545ECC6F548EF4E48EF4E4868BBD98DEABC2736EF549EF4E48EF4E486887C2079B77AA871E481E6DF2FE54FEF4E4BC314E4869CFCC5960FCBE5FCAAE8D6474F2FE575AE89904D3CE410D3898F63578DD3D45556C7ECCC23C61423FD8D5A13C0F00987B4780444D76CE8F64A07FC187E5FCA543EC9C01FE142F4D7F75DF960F00BD6B07804F08FC71FB38E97ECFB1BF7590DBD18D0AC21591D37AAE9D807804F329E0116EAA297B27E9F2FE5594BD9C07CBE5FCAB26BF209C113209B34660CB01CDBBD5496B69CDBBD579DE9C97BDE9C90D175CDBBD517B31BD523BD3923BD3921A2EF6637AA2F6637AA477A72477A724345DECC6F545ECC6F548EF4E48EF4E4869FFD9, 'Authorized', 'Permitted');
